date,country,continent,title,summary,url,source,category,category_group,news_type,traffic_impact,priority,confidence,validation
2025-12-05,,,"크래프톤, ‘AI 펠로우십’ 4기 모집…22일까지 서류접수 - 인사이드비나","크래프톤, ‘AI 펠로우십’ 4기 모집…22일까지 서류접수 인사이드비나",https://news.google.com/rss/articles/CBMibEFVX3lxTFBaTEwtOUlTbXhXOFg2QlNWWWUzLVZaQVJjdlVXZTFhZEFzeVFza0NTSWcyN3pmWUVrMUhET05Ja2Q4bkdpT2w2ZVk5NDR1R1l5Nk1zS3RkWGxTd2E3X2hnaktWd21obUpSY1A4RA?oc=5,인사이드비나,gaming,gaming_competitor,gaming,,medium,,
2025-12-05,,,"배틀그라운드 모바일, 포르쉐와 협업으로 정밀함과 파워를 선사 - 크래프톤","배틀그라운드 모바일, 포르쉐와 협업으로 정밀함과 파워를 선사 크래프톤",https://news.google.com/rss/articles/CBMizgJBVV95cUxNbWF4WmQtQmlIZDhjRGpnWV9YSVhrbFRUZXlRMHVBYmxrXzV0cndMLXBxaW9lUmR3T0U3S0NITGVZWE42SGtKX1B2SjdHdXQtQU95dU9va1VPMnJiclJxTlB1TVNmYk1BYVltelRud1phbWNHeE5CanZ6Y0ZhN0l6OUVaZ2VvNFRwNnpuMXNPUTlTdnJCVVlkeDQ1Mi04ZVpCNkZQb3JPVzBIbzFyR2R1enVnRzBxS2tnSkdRcVJKZGd3VGMtYVlaanBndExhOGE2QTVyOGdxZmlzZVFGM2JhTnhrbWQ1VTc5SnNtWGs1TVpUNjdoeHVVdDRxdV9yaVBYbThwUXNxRzZibUZUUDRNdkNsbDhpY0R0cnRkLVE1NjdXcjVMLUpkRXJtQld0TFlVRnNWRmwtb1dYbmdWcHByTEpjSmMxSlRLa2c0ODlB?oc=5,크래프톤,gaming,gaming_competitor,gaming,,medium,,
2025-12-05,,,"크래프톤, ‘AI 펠로우십’ 4기 모집…22일까지 서류접수 - 인사이드비나","크래프톤, ‘AI 펠로우십’ 4기 모집…22일까지 서류접수 인사이드비나",https://news.google.com/rss/articles/CBMibEFVX3lxTFBaTEwtOUlTbXhXOFg2QlNWWWUzLVZaQVJjdlVXZTFhZEFzeVFza0NTSWcyN3pmWUVrMUhET05Ja2Q4bkdpT2w2ZVk5NDR1R1l5Nk1zS3RkWGxTd2E3X2hnaktWd21obUpSY1A4RA?oc=5,인사이드비나,gaming,gaming_competitor,gaming,,medium,,
2025-12-05,,,"크래프톤, 'AI 펠로우십' 4기 모집...12월 5일부터 22일까지 서류 접수 - 지디넷코리아","크래프톤, 'AI 펠로우십' 4기 모집...12월 5일부터 22일까지 서류 접수 지디넷코리아",https://news.google.com/rss/articles/CBMiVkFVX3lxTE1YUTVNUGtBTUFtdzNaNURxX2JDV1FKcXJTdTlWanEzeUVtRWJyVGJwUktXeTEtaThkLUFlNmU4QnZWakdDeVpwTlc3Y0h5YnRVTERtRC1n?oc=5,지디넷코리아,gaming,gaming_competitor,gaming,,medium,,
2025-12-05,,,"크래프톤, 'AI 펠로우십' 4기 모집…최정예 5명 내외 선발 - 뉴시스","크래프톤, 'AI 펠로우십' 4기 모집…최정예 5명 내외 선발 뉴시스",https://news.google.com/rss/articles/CBMiYEFVX3lxTE8xLXBtNkNUU3Q5ZXBFcTFKd2Ywajc1NHVPRTRhakRFVHBfWXQ4OXEwTU5scEU5TWJ0X1Q0cC1CVnFzUzFPaFJnMWVKdUNDWEZLWXk1Z1NJVnh2YWVTQXkwT9IBeEFVX3lxTE1YYWEwUzFWWWpibWxFZ010V1N5V0JIQlQ1OUl5UDY1Z1B6UldxZW56VHE0NXR0bkZ3UlBJM3czak9udHZmVEhjZmlOM3hXbFgyMHN1OG5LSTJkMVBaWGgxRWRpV1FKcWFiNnhoNC14bE91aklXOHUzdg?oc=5,뉴시스,gaming,gaming_competitor,gaming,,medium,,
2025-12-05,,,"크래프톤, AI 핵심 인재 양성 위한 ‘AI 펠로우십’ 4기 모집 - 직썰","크래프톤, AI 핵심 인재 양성 위한 ‘AI 펠로우십’ 4기 모집 직썰",https://news.google.com/rss/articles/CBMiaEFVX3lxTE9LOUNRLUwtYzFWeGk1V2JDNHdGb2RzNVRRY2hQZkVpbzQ0TEEwU3MxcHlaTnI0UXBoZjF4RHgyNkQ2OElPdHc4TjZWVGpPakF1cnJDZXBnZzFmdDcxSURnZGw4bjBUYk9y0gFsQVVfeXFMTzFQWWNxdmVod1I4M3ZCN2ctVGhXdUxKWDhyanhMUEMxMXpDcTkzNFFPbEtlY0hyWWpNRnh4aEczQ3RteFZXTmhrWko2enlWZnpDRGtWc3FwMEZQWjV3d3kzMDNKN3drS3kzRm1E?oc=5,직썰,gaming,gaming_competitor,gaming,,medium,,
2025-12-05,,,"[위클리오늘] 크래프톤, ‘AI 펠로우십’ 4기 모집 - 위클리오늘","[위클리오늘] 크래프톤, ‘AI 펠로우십’ 4기 모집 위클리오늘",https://news.google.com/rss/articles/CBMibkFVX3lxTE8xN3VfM2xHQjl4cjg3ei1CcnlhVU16UDROZmE0b1BRRFBhX21wVG5OVFFXMmtLa0IzNmM5cERFNWNhZm1YU2V2M3dYX0F5N0dfaDUzNFZ4dGZwdFVvb3dzMi1tWHJYMzhvVmhDbXln?oc=5,위클리오늘,gaming,gaming_competitor,gaming,,medium,,
2025-12-05,,,"크래프톤, AI 인재 양성 프로그램 ‘AI 펠로우십’ 4기 모집 - fetv.co.kr","크래프톤, AI 인재 양성 프로그램 ‘AI 펠로우십’ 4기 모집 fetv.co.kr",https://news.google.com/rss/articles/CBMiXEFVX3lxTE1lRUtzdExON1Q2VzZKaTFSdE1jaERQMnlYWGNqX1liMm14S0hKd3RSeTZoSEpiVW9jYW1Da3hwRXVyM0VqUnRXam9pRnhIRVVrY3RwYkhFQkNvelJ2?oc=5,fetv.co.kr,gaming,gaming_competitor,gaming,,medium,,
2025-12-05,,,"배틀그라운드 모바일, 포르쉐와 협업으로 정밀함과 파워를 선사 - 크래프톤","배틀그라운드 모바일, 포르쉐와 협업으로 정밀함과 파워를 선사 크래프톤",https://news.google.com/rss/articles/CBMizgJBVV95cUxNbWF4WmQtQmlIZDhjRGpnWV9YSVhrbFRUZXlRMHVBYmxrXzV0cndMLXBxaW9lUmR3T0U3S0NITGVZWE42SGtKX1B2SjdHdXQtQU95dU9va1VPMnJiclJxTlB1TVNmYk1BYVltelRud1phbWNHeE5CanZ6Y0ZhN0l6OUVaZ2VvNFRwNnpuMXNPUTlTdnJCVVlkeDQ1Mi04ZVpCNkZQb3JPVzBIbzFyR2R1enVnRzBxS2tnSkdRcVJKZGd3VGMtYVlaanBndExhOGE2QTVyOGdxZmlzZVFGM2JhTnhrbWQ1VTc5SnNtWGs1TVpUNjdoeHVVdDRxdV9yaVBYbThwUXNxRzZibUZUUDRNdkNsbDhpY0R0cnRkLVE1NjdXcjVMLUpkRXJtQld0TFlVRnNWRmwtb1dYbmdWcHByTEpjSmMxSlRLa2c0ODlB?oc=5,크래프톤,gaming,gaming_competitor,gaming,,medium,,
2025-12-05,,,"배틀그라운드 모바일, 포르쉐와 협업으로 정밀함과 파워를 선사 - 크래프톤","배틀그라운드 모바일, 포르쉐와 협업으로 정밀함과 파워를 선사 크래프톤",https://news.google.com/rss/articles/CBMizgJBVV95cUxNbWF4WmQtQmlIZDhjRGpnWV9YSVhrbFRUZXlRMHVBYmxrXzV0cndMLXBxaW9lUmR3T0U3S0NITGVZWE42SGtKX1B2SjdHdXQtQU95dU9va1VPMnJiclJxTlB1TVNmYk1BYVltelRud1phbWNHeE5CanZ6Y0ZhN0l6OUVaZ2VvNFRwNnpuMXNPUTlTdnJCVVlkeDQ1Mi04ZVpCNkZQb3JPVzBIbzFyR2R1enVnRzBxS2tnSkdRcVJKZGd3VGMtYVlaanBndExhOGE2QTVyOGdxZmlzZVFGM2JhTnhrbWQ1VTc5SnNtWGs1TVpUNjdoeHVVdDRxdV9yaVBYbThwUXNxRzZibUZUUDRNdkNsbDhpY0R0cnRkLVE1NjdXcjVMLUpkRXJtQld0TFlVRnNWRmwtb1dYbmdWcHByTEpjSmMxSlRLa2c0ODlB?oc=5,크래프톤,gaming,gaming_competitor,gaming,,medium,,
2025-12-05,,,"크래프톤, 'AI 펠로우십' 4기 모집…최정예 5명 내외 선발 - 뉴시스","크래프톤, 'AI 펠로우십' 4기 모집…최정예 5명 내외 선발 뉴시스",https://news.google.com/rss/articles/CBMiYEFVX3lxTE8xLXBtNkNUU3Q5ZXBFcTFKd2Ywajc1NHVPRTRhakRFVHBfWXQ4OXEwTU5scEU5TWJ0X1Q0cC1CVnFzUzFPaFJnMWVKdUNDWEZLWXk1Z1NJVnh2YWVTQXkwT9IBeEFVX3lxTE1YYWEwUzFWWWpibWxFZ010V1N5V0JIQlQ1OUl5UDY1Z1B6UldxZW56VHE0NXR0bkZ3UlBJM3czak9udHZmVEhjZmlOM3hXbFgyMHN1OG5LSTJkMVBaWGgxRWRpV1FKcWFiNnhoNC14bE91aklXOHUzdg?oc=5,뉴시스,gaming,gaming_competitor,gaming,,medium,,
2025-12-05,,,"크래프톤, AI 핵심 인재 양성 위한 ‘AI 펠로우십’ 4기 모집 - 직썰","크래프톤, AI 핵심 인재 양성 위한 ‘AI 펠로우십’ 4기 모집 직썰",https://news.google.com/rss/articles/CBMiaEFVX3lxTE9LOUNRLUwtYzFWeGk1V2JDNHdGb2RzNVRRY2hQZkVpbzQ0TEEwU3MxcHlaTnI0UXBoZjF4RHgyNkQ2OElPdHc4TjZWVGpPakF1cnJDZXBnZzFmdDcxSURnZGw4bjBUYk9y0gFsQVVfeXFMTzFQWWNxdmVod1I4M3ZCN2ctVGhXdUxKWDhyanhMUEMxMXpDcTkzNFFPbEtlY0hyWWpNRnh4aEczQ3RteFZXTmhrWko2enlWZnpDRGtWc3FwMEZQWjV3d3kzMDNKN3drS3kzRm1E?oc=5,직썰,gaming,gaming_competitor,gaming,,medium,,
2025-12-05,,,"[위클리오늘] 크래프톤, ‘AI 펠로우십’ 4기 모집 - 위클리오늘","[위클리오늘] 크래프톤, ‘AI 펠로우십’ 4기 모집 위클리오늘",https://news.google.com/rss/articles/CBMibkFVX3lxTE8xN3VfM2xHQjl4cjg3ei1CcnlhVU16UDROZmE0b1BRRFBhX21wVG5OVFFXMmtLa0IzNmM5cERFNWNhZm1YU2V2M3dYX0F5N0dfaDUzNFZ4dGZwdFVvb3dzMi1tWHJYMzhvVmhDbXln?oc=5,위클리오늘,gaming,gaming_competitor,gaming,,medium,,
2025-12-05,,,"크래프톤, 'AI 펠로우십' 4기 모집...12월 5일부터 22일까지 서류 접수 - 지디넷코리아","크래프톤, 'AI 펠로우십' 4기 모집...12월 5일부터 22일까지 서류 접수 지디넷코리아",https://news.google.com/rss/articles/CBMiVkFVX3lxTE1YUTVNUGtBTUFtdzNaNURxX2JDV1FKcXJTdTlWanEzeUVtRWJyVGJwUktXeTEtaThkLUFlNmU4QnZWakdDeVpwTlc3Y0h5YnRVTERtRC1n?oc=5,지디넷코리아,gaming,gaming_competitor,gaming,,medium,,
2025-12-05,,,"배틀그라운드 모바일, 포르쉐와 협업으로 정밀함과 파워를 선사 - 크래프톤","배틀그라운드 모바일, 포르쉐와 협업으로 정밀함과 파워를 선사 크래프톤",https://news.google.com/rss/articles/CBMizgJBVV95cUxNbWF4WmQtQmlIZDhjRGpnWV9YSVhrbFRUZXlRMHVBYmxrXzV0cndMLXBxaW9lUmR3T0U3S0NITGVZWE42SGtKX1B2SjdHdXQtQU95dU9va1VPMnJiclJxTlB1TVNmYk1BYVltelRud1phbWNHeE5CanZ6Y0ZhN0l6OUVaZ2VvNFRwNnpuMXNPUTlTdnJCVVlkeDQ1Mi04ZVpCNkZQb3JPVzBIbzFyR2R1enVnRzBxS2tnSkdRcVJKZGd3VGMtYVlaanBndExhOGE2QTVyOGdxZmlzZVFGM2JhTnhrbWQ1VTc5SnNtWGs1TVpUNjdoeHVVdDRxdV9yaVBYbThwUXNxRzZibUZUUDRNdkNsbDhpY0R0cnRkLVE1NjdXcjVMLUpkRXJtQld0TFlVRnNWRmwtb1dYbmdWcHByTEpjSmMxSlRLa2c0ODlB?oc=5,크래프톤,gaming,gaming_competitor,gaming,,medium,,
2025-12-05,,,"""포르쉐가 전장에 등장"" 크래프톤, 배틀그라운드 모바일·PC·콘솔 글로벌 3자 컬래버 전개 - 이코노미톡뉴스","""포르쉐가 전장에 등장"" 크래프톤, 배틀그라운드 모바일·PC·콘솔 글로벌 3자 컬래버 전개 이코노미톡뉴스",https://news.google.com/rss/articles/CBMibEFVX3lxTE1hNjFUcGluRkdCWnZmWDVmWTRuWGI1Ti0zYTN5QmlwSzEzc1NEYzBrMlA1dEFPcjYxSVRnTFBTeWx5bUpzaEhOTUR3LXZNblBTQU9ocjNMREVCNEJUU1FmaU1FQVQ0TVRCSDl6Zg?oc=5,이코노미톡뉴스,gaming,gaming_competitor,gaming,,medium,,
2025-12-05,,,"""포르쉐가 전장에 등장"" 크래프톤, 배틀그라운드 모바일·PC·콘솔 글로벌 3자 컬래버 전개 - 이코노미톡뉴스","""포르쉐가 전장에 등장"" 크래프톤, 배틀그라운드 모바일·PC·콘솔 글로벌 3자 컬래버 전개 이코노미톡뉴스",https://news.google.com/rss/articles/CBMibEFVX3lxTE1hNjFUcGluRkdCWnZmWDVmWTRuWGI1Ti0zYTN5QmlwSzEzc1NEYzBrMlA1dEFPcjYxSVRnTFBTeWx5bUpzaEhOTUR3LXZNblBTQU9ocjNMREVCNEJUU1FmaU1FQVQ0TVRCSDl6Zg?oc=5,이코노미톡뉴스,gaming,gaming_competitor,gaming,,medium,,
2025-12-04,,,"배틀그라운드, 혹한의 전장 ‘에란겔: 서브제로’로 진입 - 크래프톤","배틀그라운드, 혹한의 전장 ‘에란겔: 서브제로’로 진입 크래프톤",https://news.google.com/rss/articles/CBMitgJBVV95cUxNMjhGN0tkdUJwSjR0aTVWVmxBVms5WVJlOENTUzZ1bTVSb1NFMHdQNnRsMnhtUVRQVEpUYTNZM3dNc2lYNUtTZmpDM3VNN2htZE1Id3lhQUN5X1hQd2FFQXlScnZ4dWYyQk54cE15RGZDMzd5V1FOamhSWWFJbDFqd3c1ZDgySndGbTltdlVMNTVTdjEwem10cXIwaHphYjIycmNrUk1NUW91VDAyMzZPTU8zVHlYNUphOXVfOWczTTJHcGk3SHM5MHhqUmg0eGRjYVJpSjA1bmZ4STl6UDZiQ3NkUkc0V3AwQ09BT2pWaVIxVmVJdFM3N24waGU0QWR1a0RaUC1ZaDVheFZCbTlvbGpPRjcxVHFXZGxJTVlMZEhWV1NHWVdLbXlBLTRQWDJLRDBBNHN3?oc=5,크래프톤,gaming,gaming_competitor,gaming,,medium,,
2025-12-04,,,"배틀그라운드, 혹한의 전장 ‘에란겔: 서브제로’로 진입 - 크래프톤","배틀그라운드, 혹한의 전장 ‘에란겔: 서브제로’로 진입 크래프톤",https://news.google.com/rss/articles/CBMitgJBVV95cUxNMjhGN0tkdUJwSjR0aTVWVmxBVms5WVJlOENTUzZ1bTVSb1NFMHdQNnRsMnhtUVRQVEpUYTNZM3dNc2lYNUtTZmpDM3VNN2htZE1Id3lhQUN5X1hQd2FFQXlScnZ4dWYyQk54cE15RGZDMzd5V1FOamhSWWFJbDFqd3c1ZDgySndGbTltdlVMNTVTdjEwem10cXIwaHphYjIycmNrUk1NUW91VDAyMzZPTU8zVHlYNUphOXVfOWczTTJHcGk3SHM5MHhqUmg0eGRjYVJpSjA1bmZ4STl6UDZiQ3NkUkc0V3AwQ09BT2pWaVIxVmVJdFM3N24waGU0QWR1a0RaUC1ZaDVheFZCbTlvbGpPRjcxVHFXZGxJTVlMZEhWV1NHWVdLbXlBLTRQWDJLRDBBNHN3?oc=5,크래프톤,gaming,gaming_competitor,gaming,,medium,,
2025-12-04,Indonesia,OTHER,INDONESIA-FLOOD-SRILANKA-WEATHER-CLIMATE - gukjenews.com,INDONESIA-FLOOD-SRILANKA-WEATHER-CLIMATE gukjenews.com,https://news.google.com/rss/articles/CBMibkFVX3lxTE5xdWwxQkVMN3dka0E3V0NLMUhjVXdmcmQ1akxsZmxKNllIN3YwWENVNUNCUEdMUGlMNG5jeUU5MUNvY254VUtSU3gzQXUzVHlxRXQ1amc3N3A1MkxiWGdBWnFCcmFQempjRS1xVU5B?oc=5,gukjenews.com,gaming,gaming_competitor,traffic_impact,,high,,
2025-12-03,,,IP Expansion Lifts Nexon and Netmarble While Krafton Faces New Title Gap - IT조선,IP Expansion Lifts Nexon and Netmarble While Krafton Faces New Title Gap IT조선,https://news.google.com/rss/articles/CBMicEFVX3lxTE1hUDhWMFhXOXNVeVRwRURiMkN3WDRvWkszUXBXV1NBQ1U1a2hFTGhmX25fcWhqczd6N20yeVlNS3AtUXFWNHRXM0lGRkY3LTlmTEszdDc3V0N2MXZxMGxvX1RIZjFpY0pSLS1LQl8yZVrSAXRBVV95cUxNcGQxcXlaUXZLaGZmVTUtSy1GMnJ4TTJXaUtLYnBYRjZrVnZOeWoxYlBJT2hhQjQ0T2tjb2NUdUdpQkFjazFpMjhaeVpOc2VfTV9pSEFMSXFmbV9WM3RlRGUtMmNBNFJZNVBNczRTS05MLTVrdA?oc=5,IT조선,gaming,gaming_competitor,gaming,,medium,,
2025-12-03,,,U.S.-Ukraine end-of-war talks begin… Rubio “productive but much work remains” - 경향신문,U.S.-Ukraine end-of-war talks begin… Rubio “productive but much work remains” 경향신문,https://news.google.com/rss/articles/CBMiYEFVX3lxTE5TUTE3eV82a3VYSUNiT0R2YUhPaWRGTzBMX1lCZHlxYTEtNk9XMGVJOVpjNW9CanVUWjJodEdYOTU5UkJIbTRaMl9HYjhDYWZqMWI2NF84SVVaUEtJOUgxZNIBX0FVX3lxTFBvUjhuanJWY1haQ3hmWFVyWTZSaXBkUUJrbUdxZ3AtOUtWWHNBeGx6MzRwcnNEQ0dFUXltM2Q0dmY5RWJYWXE2a2o0ak0xWUQza1FvRnBERDVqYXZmOTZZ?oc=5,경향신문,gaming,gaming_competitor,traffic_impact,,high,,
2025-12-03,USA,NORTH AMERICA,U.S.-Ukraine end-of-war talks begin… Rubio “productive but much work remains” - 경향신문,U.S.-Ukraine end-of-war talks begin… Rubio “productive but much work remains” 경향신문,https://news.google.com/rss/articles/CBMiX0FVX3lxTFBvUjhuanJWY1haQ3hmWFVyWTZSaXBkUUJrbUdxZ3AtOUtWWHNBeGx6MzRwcnNEQ0dFUXltM2Q0dmY5RWJYWXE2a2o0ak0xWUQza1FvRnBERDVqYXZmOTZZ0gFfQVVfeXFMUG9SOG5qclZjWFpDeGZYVXJZNlJpcGRRQmttR3FncC05S1ZYc0F4bHozNHByc0RDR0VReW0zZDR2ZjlFYlhZcTZrajRqTTFZRDNrUW9GcERENWphdmY5Nlk?oc=5,경향신문,gaming,gaming_competitor,traffic_impact,,high,,
2025-12-03,,,President Lee’s Inaugural Gift: “December 3 to Become a National Holiday”… What Do You Think? - 최보식의언론,President Lee’s Inaugural Gift: “December 3 to Become a National Holiday”… What Do You Think? 최보식의언론,https://news.google.com/rss/articles/CBMiZEFVX3lxTE1NVWMxdE5Xb2l2TW9Qa1hpSE9oekRHekJJWkZuTjlSQkVfVDUwdkhzelpZRjR5T1M0RVJlbF92ajFBaFJROG5DcXlZUmhHdG1uUTR0VWN6OGNXOW5uLXZTcDJqTTbSAWhBVV95cUxQNjNiTWtaVlVqTGFfVXhGanBKLWFlQlNWY2pRcndsZ3MxS1VUeE9EeHJ0V1kxdFpaMDRwZzJIbDAxX2FObFhqX01FZW53c01aRzhDa0NOcGpIdzRWVXlaWmlKM1B5RkVPRA?oc=5,최보식의언론,holiday,seasonal_calendar,traffic_impact,,medium,,
2025-12-03,,,"Omdia: Global Wearable Band Shipments Up 3%, Setting Stage for Strong Holiday Season - 뉴스와이어","Omdia: Global Wearable Band Shipments Up 3%, Setting Stage for Strong Holiday Season 뉴스와이어",https://news.google.com/rss/articles/CBMiX0FVX3lxTFBLYWhPa0xHbWdJNnVLd2pXcEVjOUZ3Q3Bsenk2UEYyUE5uTUNXUFpjYWhkWGZURnpFcmtxLUFsdTRCSV92Z3AxNWNhaTA4VmxMZjFHN3JMYmJmbHczTTlz?oc=5,뉴스와이어,gaming,gaming_competitor,traffic_impact,,high,,
2025-12-03,,,IP Expansion Lifts Nexon and Netmarble While Krafton Faces New Title Gap - IT조선,IP Expansion Lifts Nexon and Netmarble While Krafton Faces New Title Gap IT조선,https://news.google.com/rss/articles/CBMicEFVX3lxTE1hUDhWMFhXOXNVeVRwRURiMkN3WDRvWkszUXBXV1NBQ1U1a2hFTGhmX25fcWhqczd6N20yeVlNS3AtUXFWNHRXM0lGRkY3LTlmTEszdDc3V0N2MXZxMGxvX1RIZjFpY0pSLS1LQl8yZVrSAXRBVV95cUxNcGQxcXlaUXZLaGZmVTUtSy1GMnJ4TTJXaUtLYnBYRjZrVnZOeWoxYlBJT2hhQjQ0T2tjb2NUdUdpQkFjazFpMjhaeVpOc2VfTV9pSEFMSXFmbV9WM3RlRGUtMmNBNFJZNVBNczRTS05MLTVrdA?oc=5,IT조선,gaming,gaming_competitor,gaming,,medium,,
2025-12-03,,,INDIA-PETA/PROTEST - gukjenews.com,INDIA-PETA/PROTEST gukjenews.com,https://news.google.com/rss/articles/CBMibkFVX3lxTFBld01sbHZJWFpiaXFremlGOVh1c0VsanVQcXI2c0w2UkdJVFhZTHRlOUlmQ3BQZmRRa21pVTNVYWxDaU9OMllEaUxMcWIwdFlqYUVXdTJHLWZKUUMzWnBkUFJVUHl2OUpXSm5FdVBB?oc=5,gukjenews.com,gaming,gaming_competitor,traffic_impact,,high,,
2025-12-02,Korea,ASIA,"[취재] 애플, 국내 최초 '게임 쇼케이스' 개최하다","이날 쇼케이스에서 만나볼 수 있었던 게임은 엔씨소프트의 '아이온2', 데브시스터즈의 '쿠키런 오븐스매시', 크래프톤의 '인조이' 및 넷마블의 '세븐나이츠 리버스', 컴투스의 신작 RPG '도원암귀: 크림슨 인페르노... ",https://www.inven.co.kr/webzine/news/?news=311779,네이버 뉴스,gaming,gaming_competitor,gaming,,medium,,
2025-12-02,Indonesia,OTHER,"KB Bank 인도네시아, ‘Economic Outlook 2026’ 개최 - hankyung.com","KB Bank 인도네시아, ‘Economic Outlook 2026’ 개최 hankyung.com",https://news.google.com/rss/articles/CBMiWkFVX3lxTE5pUFJzQ3pROHI1WjNCRGtXREE5Sk5rVzNjbVBNZ3JqWFFyeE5iVjY3dVVRSzlOQ1d4eHh6aWxUVUJ4alNlTHphanV3WWRTV3dmTE54U0MySmdzd9IBVEFVX3lxTFBFQUpwQ0FzWG9RUGVLR0dETjhsWGFJWFJZd2tBX2FERGlSSURjbm9IYTBqVlRIcGNFTm51NDZ0eVg2OWN5S3p6NFRRSHZNU2JwdFIwNg?oc=5,hankyung.com,gaming,gaming_competitor,traffic_impact,,high,,
2025-12-02,,,Non-regular school staff to strike - KBS 뉴스,Non-regular school staff to strike KBS 뉴스,https://news.google.com/rss/articles/CBMiW0FVX3lxTE5UYkdwLVVaZ0h3d1E1QWRJU3hhdjJaM1RUS0ZlZjBZTGd2cW5YRG44eU9tWVdFQWpVOXF5bFVqTVBwMzZNQzhhR2tMOWdLX3JPZ0ljSm5oTXRwcHc?oc=5,KBS 뉴스,gaming,gaming_competitor,traffic_impact,,high,,
2025-12-02,Korea,ASIA,심은섭 리자드스무디 대표 &quot;데이터 맹신 안돼…재미부터 챙겨야&quot;,"한편, '코리아 인디게임 쇼케이스'는 네오위즈·스마일게이트·컴투스·크래프톤 등 우수 인디게임의 성장·퍼블리싱 기회를 모색하려는 국내 게임사들도 함께한다. 올해는 신규 선도기업으로 크래프톤, 컴투스홀딩스... ",http://theviewers.co.kr/View.aspx?No=3876916,네이버 뉴스,gaming,gaming_competitor,gaming,,medium,,
2025-12-02,Indonesia,OTHER,"KB Bank 인도네시아, 'Economic Outlook 2026' 개최 - 뉴스핌","KB Bank 인도네시아, 'Economic Outlook 2026' 개최 뉴스핌",https://news.google.com/rss/articles/CBMiXEFVX3lxTE5tNTRQOVlpWTNEZVR3Z0prZUdpU2dseXZva2tQTXZIb1dvQUUzOUNwSXM5UkxkdTBFekdoV1pxNG5hNFMzeVpuQjJ2MFhXcVdBdTJBc1g5b21DVGhG0gFeQVVfeXFMTkxMZEUzTGNwR1lHM0d0T3c5ZkZoMnNpUFRmVHplbEFnNUVwQ0xaX3FVVjdkYXA5U0JaT2k2WU1OQlJJU2Y5QTFIejVINm16anFTbS1lVTRrUHhpRHdxdw?oc=5,뉴스핌,gaming,gaming_competitor,traffic_impact,,high,,
2025-12-02,Korea,ASIA,"애플, 국내 첫 ‘애플 게임 쇼케이스’ 개최…국내 게임사도 참여","크래프톤, 엔씨소프트 등 주요 게임사 5곳이 참여했다. 각 사는 아이폰 17 프로, 아이패드 프로, 맥 기반으로 ‘세븐나이츠 리버스’, ‘쿠키런: 오븐스매시’, ‘아이온2’ 등 주요 타이틀을 시연했다. 맥에서는 크래프톤... ",https://www.mydaily.co.kr/page/view/2025120214372574740,네이버 뉴스,gaming,gaming_competitor,gaming,,medium,,
2025-12-02,Indonesia,OTHER,"KB Bank 인도네시아, ‘Economic Outlook 2026’ 포럼 개최 - 매일일보","KB Bank 인도네시아, ‘Economic Outlook 2026’ 포럼 개최 매일일보",https://news.google.com/rss/articles/CBMiZEFVX3lxTE8wa1M1TjVFZTE0QkZwVmFZdzJxVnVtVUtQVlBrZTNFLUlPb1dMcGdZOFEtZUhVR183UEVkZmwzWkRRV3JDcC1ZaG1mRHVrYmNHdzFtUnlOOWlYYXJ6VlpWMzhaVjM?oc=5,매일일보,gaming,gaming_competitor,traffic_impact,,high,,
2025-12-02,Korea,ASIA,"애플, 첫 국내 게임 쇼케이스 개최… K게임 협력 강화·생태계 확장 시...","쇼케이스에는 엔씨소프트·크래프톤·넷마블·데브시스터즈·컴투스가 참여해 애플 기기에서 구동되는 신작을 소개했다. 엔씨소프트 '아이온2', 데브시스터즈 '쿠키런: 오븐스매시', 크래프톤 '인조이, 넷마블 '세븐나이츠... ",https://www.etnews.com/20251202000340,네이버 뉴스,gaming,gaming_competitor,gaming,,medium,,
2025-12-02,,,Election fraud protests continue - KBS 뉴스,Election fraud protests continue KBS 뉴스,https://news.google.com/rss/articles/CBMiW0FVX3lxTFBZWVZaVTF4MjZDYjkzVjhxb3E5aDFPSDlnY0p5Zi1lU2Y4LXJKVjdXQWNLaHdpUGVaclFyV0hWdGZudzB3R0FacmNOUGhHazVUa3NNa0dvZmY5d2s?oc=5,KBS 뉴스,gaming,gaming_competitor,traffic_impact,,high,,
2025-12-02,Korea,ASIA,웹젠 게임 아이템 확률 조작...이용자 단체소송 예고,"앞서 공정위는 같은 사안(확률 정보 허위·은폐)으로 제재 절차를 밟은 그라비티(라그나로크 온라인), 위메이드(나이트 크로우), 크래프톤(PUBG), 컴투스(스타시드) 등에 대해서는 법 위반 사실을 스스로 시정하고 환불·보상... ",https://www.ekoreanews.co.kr/news/articleView.html?idxno=83375,네이버 뉴스,gaming,gaming_competitor,gaming,,medium,,
2025-12-02,Korea,ASIA,"게임업계, 잇단 해킹에 시름…보안 투자는 빈약",게임업계 상장사 중 시가총액 1위인 크래프톤도 지난해 97억원(0.36%)을 정보보호에 투입하는 데 그쳤다. 정보보호 전담인력은 33.4명(1.99%)으로 가장 규모가 작았다. IT업계 관계자는 &quot;게임사는 이용자들에게 아이템... ,https://www.ebn.co.kr/news/articleView.html?idxno=1689248,네이버 뉴스,gaming,gaming_competitor,gaming,,medium,,
2025-12-02,Korea,ASIA,[그래픽] 국내 주요 게임사 정보보호 투자액,"막대한 수익을 올리고 있는 크래프톤 역시 지난해 96억9440만원만을 정보보호에 투입해, 1조3026억원에 달한 당기순이익과 비교하면 투자 비중이 지나치게 낮다는 평가다. 넷마블은 지난달 26일 자사 PC 게임... ",https://www.ceoscoredaily.com/page/view/2025120213164103921,네이버 뉴스,gaming,gaming_competitor,gaming,,medium,,
2025-12-02,Korea,ASIA,"문체부 &quot;인디게임, 게임산업의 인큐베이터... 예산 대폭 증액&quot;","(토스) ▲크래프톤 등 3개 사를 선정하고 업무협약(MOU)을 체결했다. 주성호 콘진원 게임산업팀 팀장은 이번... 그는 &quot;내년 합류하는 신규 기업들은 각자의 명확한 사업적 목표가 있다&quot;며 &quot;크래프톤은 투자와 인수, 토스는... ",https://www.mhns.co.kr/news/articleView.html?idxno=732795,네이버 뉴스,gaming,gaming_competitor,gaming,,medium,,
2025-12-02,Korea,ASIA,"애플, 국내 첫 게임 쇼케이스…아이폰17 앞세워 ‘게임 플랫폼 도약’ ...","넷마블, 데브시스터즈, 컴투스, 크래프톤, 엔씨소프트 등 주요 개발사들이 부스를 마련해 신작을 시연했다.... 크래프톤은 생활 시뮬레이션 게임 ‘인조이(inZOI)’를 아이맥·맥 미니 조합으로 소개하며 “저사양... ",https://www.seoul.co.kr/news/economy/industry/2025/12/02/20251202500154?wlog_tag3=naver,네이버 뉴스,gaming,gaming_competitor,gaming,,medium,,
2025-12-02,Korea,ASIA,'애플 게임 쇼케이스' 국내 첫 개최…엔씨소프트 등 개발사 참여,"쇼케이스에는 넷마블, 데브시스터즈, 컴투스, 크래프톤, 엔씨소프트 등 국내 주요 게임 개발사 5곳이 참여해... 김형준 크래프톤 인조이스튜디오 대표는 개발중인 인생 시뮬레이션 게임 '인조이(inZOI)'를 맥을 기반으로... ",https://www.yna.co.kr/view/AKR20251202101100017?input=1195m,네이버 뉴스,gaming,gaming_competitor,gaming,,medium,,
2025-12-01,Korea,ASIA,"&quot;크래프톤, 게임 경쟁 심화…신작 전략 재정비 필요&quot;",펍지(PUBG) 관련 캐시카우(현금창출원)의 자연 감소 위험도 경고했다. 그는 &quot;글로벌 경쟁사가 공격적으로 신작을 출시하는 만큼 펍지의 트래픽과 매출 감소 위험이 상존한다&quot;며 &quot;모바일 부문에서는 중국 '화평정영' 매출... ,https://www.asiatoday.co.kr/view.php?key=20251201010000059,네이버 뉴스,gaming,gaming_competitor,gaming,,medium,,
2025-12-01,Korea,ASIA,"크래프톤 넥슨 'AI 전면 활용' 늘리는데, 이용자 '콘텐츠 완성도 불합격...",크래프톤은 10월23일 AI 퍼스트 기업 전환을 선언하고 경영 전반에서 AI 활용 범위를 확대하겠다는 방침을... 최근 AI의 전면적 도입을 공식 선언한 크래프톤의 사례가 대표적이다. 크래프톤은 올해 'AI 퍼스트 기업 전환'을... ,https://www.businesspost.co.kr/BP?command=article_view&num=422073,네이버 뉴스,gaming,gaming_competitor,gaming,,medium,,
2025-12-01,Korea,ASIA,"웹젠 확률 조작 피해자들, 67억원 규모 단체소송 추진","이는 공정위가 올해 4월부터 6월까지 그라비티, 위메이드, 크래프톤, 컴투스 등 4개 게임사의 유사 위반 행위에 대해 각 250만원의 과태료만 부과한 것과 대조적이다. 다른 게임사들은 자발적 시정과 충분한 보상을 실시해... ",https://www.pointdaily.co.kr/news/articleView.html?idxno=282641,네이버 뉴스,gaming,gaming_competitor,gaming,,medium,,
2025-12-01,Korea,ASIA,"키움證 &quot;크래프톤, 전략 재점검…목표가 39만→30만원 낮추고 투자의견...","아주경제=신동근 기자 sdk6425@ajunews.com PUBG: 배틀그라운드 [사진=크래프톤] 크래프톤에 대해 키움증권은... 단기적으로는 펍지 이용자 트래픽 및 인게이지먼트 개선, 모바일에서는 최근 매출 순위가 하락한 ‘화평정영’... ",https://www.ajunews.com/view/20251201080245882,네이버 뉴스,gaming,gaming_competitor,gaming,,medium,,
2025-12-01,Korea,ASIA,"K-게임, 정보보호 투자 ‘도마 위’…넥슨·엔씨 ‘A’ vs 넷마블·크래...","막대한 수익을 올리고 있는 크래프톤 역시 지난해 96억9440만원만을 정보보호에 투입해, 1조3026억원에 달한... 반면 크래프톤은 다소 대조적이다. 크래프톤의 영업이익은 2022년 7516억원에서 2024년 1조1825억원으로 크게... ",https://www.ceoscoredaily.com/page/view/2025120114583685447,네이버 뉴스,gaming,gaming_competitor,gaming,,medium,,
2025-12-01,,,"‘Floods·Landslides’ Leave the Death Toll in Indonesia, Thailand, and Sri Lanka Approaching 1,000 - 경향신문","<a href=""https://news.google.com/rss/articles/CBMisgFBVV95cUxQZDh4NGVfMGYtQXN1eDRUUnU2RnRVWkRtelhiaHdla0x2UkowbjdjSWI3NHMtN080ZFZpNmJhQ1hZNDlQUlJmN3dFWWhJV05fdmFJZlctREhEOTd6N3RQX3VaOXVqeVpjbFFITzNPVmt6elpVMjhTZHVjLTRlSmlOOGNXejZrcEpUekJXVWwxY21uUGJsaFFRWlVyS0thQUViQ0ZaVHJVU2phRExjaWR1RlZ3?oc=5"" target=""_blank"">‘Floods·Landslides’ Leave the Death Toll in Indonesia, Thailand, and Sri Lanka Approaching 1,000</a>&nbsp;&nbsp;<font color=""#6f6f6f"">경향신문</font>",https://news.google.com/rss/articles/CBMisgFBVV95cUxQZDh4NGVfMGYtQXN1eDRUUnU2RnRVWkRtelhiaHdla0x2UkowbjdjSWI3NHMtN080ZFZpNmJhQ1hZNDlQUlJmN3dFWWhJV05fdmFJZlctREhEOTd6N3RQX3VaOXVqeVpjbFFITzNPVmt6elpVMjhTZHVjLTRlSmlOOGNXejZrcEpUekJXVWwxY21uUGJsaFFRWlVyS0thQUViQ0ZaVHJVU2phRExjaWR1RlZ3?oc=5,경향신문,gaming,gaming_competitor,traffic_impact,,,,
2025-12-01,Korea,ASIA,[출근길 포인트] 노동문제에 고객정보 유출까지… 50조 매출 눈앞 쿠팡...,"◇ 웹젠에 과징금 1.6억원…&quot;확률 속인 아이템 67억원어치 팔아&quot; 모바일게임 '뮤 아크엔젤' 이용자들을 속여... 크래프톤(〃 PUBG; 배틀그라운드), 컴투스(〃 스타시드; 아스니아 트리거) 등 4개 업체가 자진 시정하고... ",https://www.pointdaily.co.kr/news/articleView.html?idxno=282513,네이버 뉴스,gaming,gaming_competitor,gaming,,medium,,
2025-12-01,Korea,ASIA,"남일이 아니다…게임업계 덮친 '해킹', 대처 방안은?","181억원, 크래프톤 96억원, 넷마블 57억원이었다. 다만 게임사들이 연간 전체 매출 대비 보안에 투자하는 비율(넥슨 0.56%, 엔씨 1.14%, 크래프톤 0.35%, 넷마블 0.21%)이 엔씨를 제외하면 전체 업종 평균(1.03%)보다 적다는... ",http://theviewers.co.kr/View.aspx?No=3874809,네이버 뉴스,gaming,gaming_competitor,gaming,,medium,,
2025-12-01,Korea,ASIA,"韓 게임사, 동남아·인도 '차기 주력 시장'으로 정조준",‘배틀그라운드 모바일’ 인도판(BGMI)을 앞세워 인도에서만 이미 2억4000만회 이상 다운로드를 기록했다. BGMI가 본격 반영된 이후 이 회사의 전체 모바일 게임 매출은 전년 대비 30%대 성장을 기록했다. 인도 매출 비중도... ,https://www.ajunews.com/view/20251130141442694,네이버 뉴스,gaming,gaming_competitor,gaming,,medium,,
2025-12-01,Indonesia,OTHER,"‘Floods·Landslides’ Leave the Death Toll in Indonesia, Thailand, and Sri Lanka Approaching 1,000 - 경향신문","<a href=""https://news.google.com/rss/articles/CBMisgFBVV95cUxQZDh4NGVfMGYtQXN1eDRUUnU2RnRVWkRtelhiaHdla0x2UkowbjdjSWI3NHMtN080ZFZpNmJhQ1hZNDlQUlJmN3dFWWhJV05fdmFJZlctREhEOTd6N3RQX3VaOXVqeVpjbFFITzNPVmt6elpVMjhTZHVjLTRlSmlOOGNXejZrcEpUekJXVWwxY21uUGJsaFFRWlVyS0thQUViQ0ZaVHJVU2phRExjaWR1RlZ3?oc=5"" target=""_blank"">‘Floods·Landslides’ Leave the Death Toll in Indonesia, Thailand, and Sri Lanka Approaching 1,000</a>&nbsp;&nbsp;<font color=""#6f6f6f"">경향신문</font>",https://news.google.com/rss/articles/CBMisgFBVV95cUxQZDh4NGVfMGYtQXN1eDRUUnU2RnRVWkRtelhiaHdla0x2UkowbjdjSWI3NHMtN080ZFZpNmJhQ1hZNDlQUlJmN3dFWWhJV05fdmFJZlctREhEOTd6N3RQX3VaOXVqeVpjbFFITzNPVmt6elpVMjhTZHVjLTRlSmlOOGNXejZrcEpUekJXVWwxY21uUGJsaFFRWlVyS0thQUViQ0ZaVHJVU2phRExjaWR1RlZ3?oc=5,경향신문,gaming,gaming_competitor,traffic_impact,,,,
2025-12-01,Korea,ASIA,마이 리틀 퍼피 &quot;무지개 다리 건넌 반려견을 위한 장송곡&quot;,"이준영 대표: 드림모션은 2016년에 창업해서 모바일게임을 개발해왔다. 첫 게임은 건액션 게임인 ‘건... 예를 들어 스팀 배급사에 저희 회사와 크래프톤이 같이 명기되어 있는데, 크래프톤이 스팀에서 배틀그라운드로... ",https://www.gamemeca.com/mv.php?inflow=naver_s&gid=1768704,네이버 뉴스,gaming,gaming_competitor,gaming,,medium,,
2025-12-01,Indonesia,OTHER,"‘Floods·Landslides’ Leave the Death Toll in Indonesia, Thailand, and Sri Lanka Approaching 1,000 - 경향신문","‘Floods·Landslides’ Leave the Death Toll in Indonesia, Thailand, and Sri Lanka Approaching 1,000 경향신문",https://news.google.com/rss/articles/CBMiYEFVX3lxTE5LY3JCcmxBcFVtWDNYYWZiQi1LT3A0S3dQUG5RaEttbVllN2t5NlJWXzc1NEFCWHF5QmpoQWNwYWdObHgwMXk2eGhBUlIzTlVmM2QzYTF3YjlwTUdjYV84R9IBX0FVX3lxTE5sQ2pIY0ktZzJpSzMxcXRKaGFQMERud2RyR2xGSzVEbmZQSEItM3NXVjlaQlpFQkN0UXhSRS1qZkQ5cm5vNS1rRG1ONlA0YTQwZWttT2d4bGJGZS1aRFlB?oc=5,경향신문,gaming,gaming_competitor,traffic_impact,,high,,
2025-12-01,Korea,ASIA,확률 속인 아이템 판매 웹젠 과징금 1.6억,"모바일게임인 '뮤 아크엔젤' 게임사인 웹젠이 이용자들에게 확률을 속여 아이템을 팔았다가... 앞서 공정위는 같은 혐의로 적발된 그라비티(게임명: 라그나로크 온라인), 위메이드(〃 나이트 크로우), 크래프톤(〃 PUBG;... ",https://www.idaegu.co.kr/news/articleView.html?idxno=531378,네이버 뉴스,gaming,gaming_competitor,gaming,,medium,,
2025-12-01,Korea,ASIA,"‘0% 확률’ 웹젠, 확률조작 과징금 부과에… 이용자단체 “단체소송 간...","협회는 공정위가 웹젠에 부과한 과징금에 대해 “그라비티, 위메이드, 크래프톤, 컴투스 등 4개 게임사는 250만원의 과태료만 부과한 것과 대조적”이라고 평가했다. 그러면서 “이번 사안 외에도 ‘뮤 아크엔젤’의 옵션... ",https://biz.chosun.com/it-science/ict/2025/12/01/BHEWEJYJOJGG7JJJ6UJLTF2TCM/?utm_source=naver&utm_medium=original&utm_campaign=biz,네이버 뉴스,gaming,gaming_competitor,gaming,,medium,,
2025-12-01,Korea,ASIA,웹젠에 과징금 1.6억 원…&quot;확률 속인 아이템 67억 원어치 팔아&quot;,"▲ 웹젠 로고 모바일게임 '뮤 아크엔젤' 이용자들을 속여 아이템을 팔았다는 의혹을 산 게임사 웹젠이... 크래프톤(〃 PUBG; 배틀그라운드), 컴투스(〃 스타시드; 아스니아 트리거) 등 4개 업체가 자진 시정하고 충분한 환불... ",https://news.sbs.co.kr/news/endPage.do?news_id=N1008350651&plink=ORI&cooper=NAVER,네이버 뉴스,gaming,gaming_competitor,gaming,,medium,,
2025-12-01,Indonesia,OTHER,"‘Floods·Landslides’ Leave the Death Toll in Indonesia, Thailand, and Sri Lanka Approaching 1,000 - 경향신문","<a href=""https://news.google.com/rss/articles/CBMisgFBVV95cUxQZDh4NGVfMGYtQXN1eDRUUnU2RnRVWkRtelhiaHdla0x2UkowbjdjSWI3NHMtN080ZFZpNmJhQ1hZNDlQUlJmN3dFWWhJV05fdmFJZlctREhEOTd6N3RQX3VaOXVqeVpjbFFITzNPVmt6elpVMjhTZHVjLTRlSmlOOGNXejZrcEpUekJXVWwxY21uUGJsaFFRWlVyS0thQUViQ0ZaVHJVU2phRExjaWR1RlZ3?oc=5"" target=""_blank"">‘Floods·Landslides’ Leave the Death Toll in Indonesia, Thailand, and Sri Lanka Approaching 1,000</a>&nbsp;&nbsp;<font color=""#6f6f6f"">경향신문</font>",https://news.google.com/rss/articles/CBMisgFBVV95cUxQZDh4NGVfMGYtQXN1eDRUUnU2RnRVWkRtelhiaHdla0x2UkowbjdjSWI3NHMtN080ZFZpNmJhQ1hZNDlQUlJmN3dFWWhJV05fdmFJZlctREhEOTd6N3RQX3VaOXVqeVpjbFFITzNPVmt6elpVMjhTZHVjLTRlSmlOOGNXejZrcEpUekJXVWwxY21uUGJsaFFRWlVyS0thQUViQ0ZaVHJVU2phRExjaWR1RlZ3?oc=5,경향신문,gaming,gaming_competitor,traffic_impact,,,,
2025-12-01,Korea,ASIA,웹젠에 과징금 1.6억원…&quot;확률 속인 아이템 67억원어치 팔아&quot;,"모바일게임 '뮤 아크엔젤' 이용자들을 속여 아이템을 팔았다는 의혹을 산 게임사 웹젠이 제재를 받았다.... 크래프톤(〃 PUBG; 배틀그라운드), 컴투스(〃 스타시드; 아스니아 트리거) 등 4개 업체가 자진 시정하고 충분한... ",http://www.seouleconews.com/news/articleView.html?idxno=87856,네이버 뉴스,gaming,gaming_competitor,gaming,,medium,,
2025-12-01,Korea,ASIA,"웹젠, 올해 업계 최대 '과징금'...'뮤 아크엔젤' 아이템 확률 논란",두 달 뒤인 6월에는 크래프톤·컴투스도 확률형 아이템을 판매하면서 거짓 확률을 알린 행위(전자상거래법 위반)로 공정위로부터 시정명령을 받고 과태료를 물었다. 특히 지난해 넥슨의 '메이플스토리' 큐브 사건은 확률... ,https://www.startuptoday.co.kr/news/articleView.html?idxno=551258,네이버 뉴스,gaming,gaming_competitor,gaming,,medium,,
2025-12-01,Korea,ASIA,공정위 제재에 이용자단체 가세…웹젠 ‘확률 조작’ 민사소송 예고,"그라비티·위메이드·크래프톤·컴투스 등 네 곳이 유사 사안에서 과태료 250만원을 부과받는 데 그친 반면, 웹젠은 기간·매출·피해 규모 측면에서 더 큰 책임이 인정됐다는 설명이다. 협회는 지난해부터 피해자들과... ",https://www.mydaily.co.kr/page/view/2025120114062299040,네이버 뉴스,gaming,gaming_competitor,gaming,,medium,,
2025-12-01,Korea,ASIA,웹젠 '확률 조작'으로 과징금…이용자단체 &quot;단체소송 준비&quot;,"협회는 공정위가 웹젠에 부과한 과징금에 대해 &quot;그라비티, 위메이드, 크래프톤, 컴투스 등 4개 게임사는 250만원의 과태료만 부과한 것과 대조적&quot;이라고 평가했다. 이번 사안 외에도 '뮤 아크엔젤'의 옵션 상한선 은폐 의혹... ",https://www.sisajournal.com/news/articleView.html?idxno=354891,네이버 뉴스,gaming,gaming_competitor,gaming,,medium,,
2025-12-01,Korea,ASIA,'3N' 대형사도 못 피했다...게임업계까지 번진 해킹 공포,"크래프톤은 64억4356만원, 66억4929만원, 96억9438만원을 집행해 모두 0.3%대 수준이었다. 넷마블 역시 같은... 특히 크래프톤, 넷마블, 카카오게임즈는 정보보호 투자 비중이 어느 해에도 0.5%를 넘지 못했다. 이는 최근... ",https://www.pinpointnews.co.kr/news/articleView.html?idxno=401232,네이버 뉴스,gaming,gaming_competitor,gaming,,medium,,
2025-12-01,Indonesia,OTHER,[현장영상] ‘홍수·산사태’ 인도네시아·태국·스리랑카 사망자 1천 명 가까이 발생 - v.daum.net,[현장영상] ‘홍수·산사태’ 인도네시아·태국·스리랑카 사망자 1천 명 가까이 발생 v.daum.net,https://news.google.com/rss/articles/CBMiT0FVX3lxTE9Xdmh5dHJvS1gxX0VPc09tWEZEdjhaUTVGWkdZNGc1UGNoTkt1MXZXYlpPX01LTzFiVjM2WHFjMmVDbkdTeU1WNHFvUFl6Sjg?oc=5,v.daum.net,gaming,gaming_competitor,traffic_impact,,medium,,
2025-12-01,Indonesia,OTHER,인도네시아·태국·스리랑카 덮친 홍수…사망자 1000명 달해 - 이데일리,인도네시아·태국·스리랑카 덮친 홍수…사망자 1000명 달해 이데일리,https://news.google.com/rss/articles/CBMigAFBVV95cUxNV29POFNXdnNVUWVIQjNQbnRGaHdfdHVEV1AtWmhZa1JZQ3RzaWFMN2ZDNW5LTXFiSkpMTzI4VGZocHo5VmhtOHFpTk5CbmNtMW5qdTdRRHItdDRHVmNPeUtVN0JrZEY4Q0ktOHVsVlM4VmpBSV95aUY2ZlpmUS14cg?oc=5,이데일리,gaming,gaming_competitor,traffic_impact,,medium,,
2025-12-01,Korea,ASIA,"웹젠 '0% 확률' 숨기다···공정위, 소비자 기만 과징금 철퇴",이는 올해 4∼6월 그라비티·위메이드·크래프톤·컴투스 등 4개 게임사와 사뭇 다른 결과다. 이들 게임사는 자발적으로 위반 사항을 시정하고 대부분의 피해를 복구해 과태료 250만원만 부과받았다.​ 문제가 된 기간... ,http://www.koreastocknews.com/news/articleView.html?idxno=115323,네이버 뉴스,gaming,gaming_competitor,gaming,,medium,,
2025-12-01,Korea,ASIA,"공정위, 웹젠에 과징금 1.6억원…&quot;확률 속인 아이템 67억원어치 팔아&quot;","웹젠 &quot;환불 진행 중…재발 방지 노력&quot; 당국이 모바일게임 '뮤 아크엔젤' 이용자들을 속여 아이템을... [259960](〃 PUBG; 배틀그라운드), 컴투스[078340](〃 스타시드; 아스니아 트리거) 등 4개 업체가 자진 시정하고 충분한... ",https://www.tfmedia.co.kr/news/article.html?no=198437,네이버 뉴스,gaming,gaming_competitor,gaming,,medium,,
2025-12-01,Korea,ASIA,"키움 &quot;크래프톤, 글로벌 경쟁 심화…IP 다변화·트래픽 회복 핵심&quot;","더불어 &quot;단기적으로 펍지 유저 트래픽과 인게이지먼트 개선이 요구되며, 모바일 세그먼트에서 화평정영의 매출 순위가 최근 하향된 점도 보완해야 할 점&quot;이라며 &quot;동사가 추진한 다수 투자 건에 따른 손익이 온전히... ",https://www.etoday.co.kr/news/view/2531124,네이버 뉴스,gaming,gaming_competitor,gaming,,medium,,
2025-12-01,Korea,ASIA,"'확률조작' 웹젠에 과징금…피해자모임, 단체소송 예고","따라서 공정위는 피해를 제대로 보상하지 않은 점을 감안, 올해 비슷한 사건에서 그라비티·위메이드·크래프톤·컴투스 등에 부과한 250만원 과태료 수준을 넘어 과징금까지 부과했다고 설명했다. 웹젠 측은... ",http://theviewers.co.kr/View.aspx?No=3875344,네이버 뉴스,gaming,gaming_competitor,gaming,,medium,,
2025-12-01,Korea,ASIA,"아마존·구글, 초고속 멀티클라우드 전용망 공동 출범…AWS 장애 후 '연결...","글로벌 인터넷 서비스 장애 위험이 커지는 가운데, 안정적인 클라우드 간 연결 수요에 대응하기 위한 행보로 해석된다. 두 회사는 11월 30일(현지시간) 성명을 통해 공동 개발한 멀티클라우드 네트워킹 서비스를... ",https://www.mstoday.co.kr/news/articleView.html?idxno=99741,네이버 뉴스,outage,other,traffic_impact,,high,,
2025-12-01,Korea,ASIA,"웹젠, 확률형 아이템 확률 조작으로 게임 유저 '기만'...공정위, 과징금...",공정거래위원회(이하 공정위)는 30일 온라인 게임사 웹젠이 모바일 게임 '뮤 아크엔젤'에서 확률형 아이템을... 크로우' ▲크래프톤 'PUBG: 배틀그라운드' ▲컴투스 '스타시드; 아스니아 트리거' 등 총 4개 게임사의... ,https://www.thepublic.kr/news/articleView.html?idxno=285601,네이버 뉴스,gaming,gaming_competitor,gaming,,medium,,
2025-12-01,Indonesia,OTHER,Southeast Asia devastated by floods - KBS 뉴스,Southeast Asia devastated by floods KBS 뉴스,https://news.google.com/rss/articles/CBMiW0FVX3lxTFBFNi1feHgxcGpZZUh4N0lhWWZjV2tfLTg0T2l4cVE3Vk5wVVVGMnVNdFNUd3Bpbm1uYWxnTF9WaXpHMExOcVFQaU50eEhlY0NWWi1pbjZSQ19VODA?oc=5,KBS 뉴스,gaming,gaming_competitor,traffic_impact,,high,,
2025-12-01,Korea,ASIA,"&quot;크래프톤, 신작 전략 재정비 필요&quot;&lt;키움證&gt;",크래프톤은 현재 펍지(PUBG) 기반의 캐시카우가 여전히 유효하지만 글로벌 대형사도 경쟁적으로 신작을 출시하는 만큼 트래픽·매출 자연감소 리스크가 상존한다는 분석도 함께 제기됐다. 모바일 부문에서는 ‘화평정영’... ,https://www.news2day.co.kr/article/20251201500025,네이버 뉴스,gaming,gaming_competitor,gaming,,medium,,
2025-12-01,Korea,ASIA,"'확률형 논란' 웹젠, 과징금 1억5800만원…&quot;소비자 피해 회복 안 돼&quot;",공정위는 앞서 ▲그라비티(라그나로크 온라인) ▲위메이드(나이트 크로우) ▲크래프톤(배틀그라운드) ▲컴투스(스타시드: 아스니아 트리거) 등 총 4개 게임사의 전자상거래법 위반행위에 대해서는 소비자 피해가... ,https://www.1conomynews.co.kr/news/articleView.html?idxno=45243,네이버 뉴스,gaming,gaming_competitor,gaming,,medium,,
2025-12-01,Korea,ASIA,웹젠 '확률 조작' 과징금…이용자 단체 &quot;단체 소송 진행할 것&quot;,"협회는 공정위가 웹젠에 부과한 과징금에 대해 &quot;그라비티, 위메이드, 크래프톤, 컴투스 등 4개 게임사는 250만 원의 과태료만 부과한 것과 대조적&quot;이라고 평가했습니다. 그러면서 &quot;이번 사안 외에도 '뮤 아크엔젤'의 옵션... ",https://news.sbs.co.kr/news/endPage.do?news_id=N1008351402&plink=ORI&cooper=NAVER,네이버 뉴스,gaming,gaming_competitor,gaming,,medium,,
2025-12-01,Korea,ASIA,"&quot;땡큐, 달러&quot; 환율 급등에 미소 지은 게임사들",1일 금융감독원 전자공시에 따르면 올해 3분기 크래프톤은 해외사업환산손익 270억여원이 발생했다.... 이에 크래프톤의 올해 3분기 순이익은 3694억원으로 전년 동기 대비 204% 급증했다. 같은 기간 매출액(8706억원)이... ,https://www.mt.co.kr/tech/2025/12/01/2025112616114179517,네이버 뉴스,gaming,gaming_competitor,gaming,,medium,,
2025-12-01,Korea,ASIA,"“크래프톤, 투자 전략 되돌아봐야”…목표가 9만원 ‘뚝’","그는 “단기적으로 펍지 유저 트래픽과 인게이지먼트 개선이 요구되고, 모바일 세그먼트에서 화평정영의 매출 순위가 하향된 것도 보완해야 한다”며 “다만 크래프톤의 다수 투자에 따른 손익이 온전히 추정치에... ",https://www.dt.co.kr/article/12032331?ref=naver,네이버 뉴스,gaming,gaming_competitor,gaming,,medium,,
2025-11-30,Indonesia,OTHER,'홍수·산사태' 덮친 인도네시아·태국·스리랑카...600명 넘게 사망 - ytn.co.kr,"<a href=""https://news.google.com/rss/articles/CBMiXkFVX3lxTE51YXpmbWtocXBFRlNpbGhtZzFkOC1qaEFoMDZzVzl0Y291d0RVM1R0aEFVR1NqemxieXhRMEYtZjFWUXlzTHN3VzVnN3IxeEotczZleFNyRlVIbU03bnfSAYMBQVVfeXFMUFEzMWtFT2F3Y1Z5bDZaWWxGZDFabEwxSWd0M1NTR0V0cnd2VmF1SWtNbWRsMlp4bEM5alNBZklSN1FkckVyblpnQlFCMkZXRXp1Y3RUMEp6aklIMHRELVdpVFNVUk1RMUdyY2RHWFo1cGp3WnRYSHluVjJ6OHpOUEgteEk?oc=5"" target=""_blank"">'홍수·산사태' 덮친 인도네시아·태국·스리랑카...600명 넘게 사망</a>&nbsp;&nbsp;<font color=""#6f6f6f"">ytn.co.kr</font>",https://news.google.com/rss/articles/CBMiXkFVX3lxTE51YXpmbWtocXBFRlNpbGhtZzFkOC1qaEFoMDZzVzl0Y291d0RVM1R0aEFVR1NqemxieXhRMEYtZjFWUXlzTHN3VzVnN3IxeEotczZleFNyRlVIbU03bnfSAYMBQVVfeXFMUFEzMWtFT2F3Y1Z5bDZaWWxGZDFabEwxSWd0M1NTR0V0cnd2VmF1SWtNbWRsMlp4bEM5alNBZklSN1FkckVyblpnQlFCMkZXRXp1Y3RUMEp6aklIMHRELVdpVFNVUk1RMUdyY2RHWFo1cGp3WnRYSHluVjJ6OHpOUEgteEk?oc=5,ytn.co.kr,gaming,gaming_competitor,traffic_impact,,,,
2025-11-30,Hong Kong,OTHER,"‘홍콩 화재 참사’ 반중 시위로 번질라… 中, 대대적 여론 단속 - 조선일보","<ol><li><a href=""https://news.google.com/rss/articles/CBMingFBVV95cUxPSnoxSEhqNXc4SVpPalluQmQyaEdwSjlkUGQyTWx1VVVpQW1lcHRLQm5nVjNTd0FtSGN6RXBkQUJkeUs3RjFSSjdJWXhySndlOEJqQW1KdGJHT0ZLZUtMZXdMaGdZYTJ0eG1tRGxZSFJod25EYXg0RWtOQXpzTkNZbnJzX1pnRDc2aVFsWTNqaWdsZ3A5U3V0ODV6UmJ6d9IBsgFBVV95cUxOSUN6bFB6YW11UkZLZ3FSQzkzeGh6NGk0WGZWT3lldlFrRTNRRzFQNWo3d1BJMTF2Y2hLU094clVCdF9xVGpPd2FwU085bEF4RlAtX3lEQkEzRXdma2FtU215NVRYUS1wWXBxTXZpeVZrNWpON251UE5kREQ0aGJhTUJRWHBjZnNjTXAzQVJrcFlKUHZBUlIwTzdmOEJFZ3RHWVNmTVY3Tz",https://news.google.com/rss/articles/CBMingFBVV95cUxPSnoxSEhqNXc4SVpPalluQmQyaEdwSjlkUGQyTWx1VVVpQW1lcHRLQm5nVjNTd0FtSGN6RXBkQUJkeUs3RjFSSjdJWXhySndlOEJqQW1KdGJHT0ZLZUtMZXdMaGdZYTJ0eG1tRGxZSFJod25EYXg0RWtOQXpzTkNZbnJzX1pnRDc2aVFsWTNqaWdsZ3A5U3V0ODV6UmJ6d9IBsgFBVV95cUxOSUN6bFB6YW11UkZLZ3FSQzkzeGh6NGk0WGZWT3lldlFrRTNRRzFQNWo3d1BJMTF2Y2hLU094clVCdF9xVGpPd2FwU085bEF4RlAtX3lEQkEzRXdma2FtU215NVRYUS1wWXBxTXZpeVZrNWpON251UE5kREQ0aGJhTUJRWHBjZnNjTXAzQVJrcFlKUHZBUlIwTzdmOEJFZ3RHWVNmTVY3TzZiWUYxdlpSWnpB?oc=5,조선일보,gaming,gaming_competitor,traffic_impact,,,,
2025-11-30,Indonesia,OTHER,인도네시아·태국·스리랑카 홍수·산사태로 1천명 사망 - 여성신문,인도네시아·태국·스리랑카 홍수·산사태로 1천명 사망 여성신문,https://news.google.com/rss/articles/CBMib0FVX3lxTE5hVUFGaXdSc2VTbkV5VENIaEY4YVJLbXROSmpKOFQ3VW1Ub1FpWWxwSXoxUGIteTM5el9IYTRpczhWem5BVXltYllwV1doMjJRLWw5U3RtUG1FeFZITHdGUjhpQkE3UTZqTjRBSnhGY9IBc0FVX3lxTFBGWW8yLWRXbVpyYWdRNnhHdlY1cHpCZ1dLQ09pT05jNHRGRjFwRGlVbERpeG9ZM0ZiVEVzZTBBMDY4TERnVVVuY3hSWVhvTXM4WkJyaUZ3TjBFS0kxLXhHcW9zX05ET2JfeUtSYV8zVUZWU0U?oc=5,여성신문,gaming,gaming_competitor,traffic_impact,,medium,,
2025-11-30,Korea,ASIA,"웹젠, 확률형 아이템 허위 안내로 제재… 과징금 1억5800만원","모바일게임 '뮤 아크엔젤'의 확률형 아이템을 판매하면서 획득 가능성을 실제와 다르게 안내했다는 이유로... 배틀그라운드), 컴투스(스타시드·아스니아 트리거) 등 4개사는 자진 시정과 충분한 환불을 진행한 점이... ",http://www.seoulwire.com/news/articleView.html?idxno=683101,네이버 뉴스,gaming,gaming_competitor,gaming,,medium,,
2025-11-30,Indonesia,OTHER,인도네시아 홍수·산사태 인명 피해 급증...800여 명 사망·실종 - ZUM 뉴스,인도네시아 홍수·산사태 인명 피해 급증...800여 명 사망·실종 ZUM 뉴스,https://news.google.com/rss/articles/CBMi6wJBVV95cUxOb3QydGZfb2M2N284VTVPdC1idUZPRjZBU3ZuQUxnWjVGLXRCLVlSb2YwaUFSVzZHODBTUUFsUkdZTXMybW9tNE1xVFVaa25XUlZiYTlLTTVlVFBycENWd0dBS3djcmpVUHVxVWJfUWlXdlhId0poaTQ3NTlYVlV6SDhzdUs2T3QtQkU1N0x3UjA2dzBRTGJBWHRYSHhTMFd6SkxwaXEyNGRmOXZ3S0RCTzI5WF9jeTU1NDhjTFhDWG5od1gwc29yYnN6R2gyVVhzTlNXT0J0N0NhNUp6aGJQOTVtd3c3Wm10VGwwcHozUXhSdlJuT2dhb3hEd1F4ZXFSTHBhZHE2Zm1mdkFUdkxnal9XZUU2ekJDd0dqeGJTUkNGS0FvWk50WTZBYjNvQXpSU2h2NTR5QXpCU2MwMUI0dmhmMTJ2MWs2ek42d2VYM0p3YkNfcF9ianI1TUxBSTI1RlF0UDZjZ09iTUE?oc=5,ZUM 뉴스,gaming,gaming_competitor,traffic_impact,,medium,,
2025-11-29,,,Ukrainian government delegation to discuss end-of-war plan in the U.S. this weekend - 경향신문,"<a href=""https://news.google.com/rss/articles/CBMiYEFVX3lxTFBhQS11VllGV2Zhd3NqUlU4NG9YdDJCMmFveUE3MmhiM1A2NG1TWklJMkRoQVY2ZmtxcmpoTWh6YmhNQmp4SkhvdlFjdmhleEtBM3A3LVlFSGw4YUM2UHlVStIBX0FVX3lxTE02ZHNDUC1fdFRRZnhwWmJ3VEpINFFwcGk1RlRFWms3d3o1RlVpcjFMTXd0VTdhRXZuMjN6WGV0YlNvcmJoa0xjUDVjNFdCT0dGMG5zcnFMcEdLcjZsWkNv?oc=5"" target=""_blank"">Ukrainian government delegation to discuss end-of-war plan in the U.S. this weekend</a>&nbsp;&nbsp;<font color=""#6f6f6f"">경향신문</font>",https://news.google.com/rss/articles/CBMiYEFVX3lxTFBhQS11VllGV2Zhd3NqUlU4NG9YdDJCMmFveUE3MmhiM1A2NG1TWklJMkRoQVY2ZmtxcmpoTWh6YmhNQmp4SkhvdlFjdmhleEtBM3A3LVlFSGw4YUM2UHlVStIBX0FVX3lxTE02ZHNDUC1fdFRRZnhwWmJ3VEpINFFwcGk1RlRFWms3d3o1RlVpcjFMTXd0VTdhRXZuMjN6WGV0YlNvcmJoa0xjUDVjNFdCT0dGMG5zcnFMcEdLcjZsWkNv?oc=5,경향신문,gaming,gaming_competitor,traffic_impact,,,,
2025-11-29,,,인니 홍수·산사태 사망자 174명으로 늘어…실종자는 79명 - 연합뉴스,"<a href=""https://news.google.com/rss/articles/CBMiW0FVX3lxTE9EQmtuODBwNlllQ1JRQjUxbnNIU05mYVJXLXdkR2JNX01uNWE3dXlfUmZReTN4WERrVk84NXNuakpiS2FzaVpja3pFbmllZXlHdTFKUmdqUlk0Qms?oc=5"" target=""_blank"">인니 홍수·산사태 사망자 174명으로 늘어…실종자는 79명</a>&nbsp;&nbsp;<font color=""#6f6f6f"">연합뉴스</font>",https://news.google.com/rss/articles/CBMiW0FVX3lxTE9EQmtuODBwNlllQ1JRQjUxbnNIU05mYVJXLXdkR2JNX01uNWE3dXlfUmZReTN4WERrVk84NXNuakpiS2FzaVpja3pFbmllZXlHdTFKUmdqUlk0Qms?oc=5,연합뉴스,gaming,gaming_competitor,traffic_impact,,,,
2025-11-28,,,"‘Igangdal’ Kang Tae-oh X Kim Se-jeong, soul swap→explosion of rage “I will kill them all” (Comprehensive) - 스포츠경향","<a href=""https://news.google.com/rss/articles/CBMiZEFVX3lxTE9Zemp5YVljMjRfeVdSSmd4NVBib2Y0Q3FabHVpb1VBOGtIMjQxV0RydHVYd1NlUGZxZDFHc0JmVDJxcHNhRERuMmszV0p6NUhiM3IydTQxNmJ1UVJEdm5ESzdkZEo?oc=5"" target=""_blank"">‘Igangdal’ Kang Tae-oh X Kim Se-jeong, soul swap→explosion of rage “I will kill them all” (Comprehensive)</a>&nbsp;&nbsp;<font color=""#6f6f6f"">스포츠경향</font>",https://news.google.com/rss/articles/CBMiZEFVX3lxTE9Zemp5YVljMjRfeVdSSmd4NVBib2Y0Q3FabHVpb1VBOGtIMjQxV0RydHVYd1NlUGZxZDFHc0JmVDJxcHNhRERuMmszV0p6NUhiM3IydTQxNmJ1UVJEdm5ESzdkZEo?oc=5,스포츠경향,gaming,gaming_competitor,traffic_impact,,,,
2025-11-27,,,"크래프톤, 'PUBG UNITED' 스타트11…배그·배그 모바일 하나로 - 딜사이트","<a href=""https://news.google.com/rss/articles/CBMiT0FVX3lxTFBRSkpuWVpnRVZGZmdEcFdwb2g5aVo3M1VpWE03WjJ6N21DemhMeFRad19pVGhYbEhYZDNyVFJ2c0Z4eXc3SjVETTg1TVRzUnM?oc=5"" target=""_blank"">크래프톤, 'PUBG UNITED' 스타트11…배그·배그 모바일 하나로</a>&nbsp;&nbsp;<font color=""#6f6f6f"">딜사이트</font>",https://news.google.com/rss/articles/CBMiT0FVX3lxTFBRSkpuWVpnRVZGZmdEcFdwb2g5aVo3M1VpWE03WjJ6N21DemhMeFRad19pVGhYbEhYZDNyVFJ2c0Z4eXc3SjVETTg1TVRzUnM?oc=5,딜사이트,gaming,gaming_competitor,gaming,,,,
2025-11-27,Indonesia,OTHER,"인도네시아 수마트라, 폭우로 인한 홍수와 산사태로 최소 8명 사망 - gukjenews.com","<a href=""https://news.google.com/rss/articles/CBMibkFVX3lxTE1FTDNhYnpQVGpFM3Q5MDVWRTI3WjdtVENiWUhWXy1KMGpydEhJVlZjZmdMWVF4Vm5aRVBualh1ZU5LdlN6STcwWGlZY29BR3YyVjNlUTJ0cmZ6T2JONjc0dlZjbXRsdWxHM1dycDBB?oc=5"" target=""_blank"">인도네시아 수마트라, 폭우로 인한 홍수와 산사태로 최소 8명 사망</a>&nbsp;&nbsp;<font color=""#6f6f6f"">gukjenews.com</font>",https://news.google.com/rss/articles/CBMibkFVX3lxTE1FTDNhYnpQVGpFM3Q5MDVWRTI3WjdtVENiWUhWXy1KMGpydEhJVlZjZmdMWVF4Vm5aRVBualh1ZU5LdlN6STcwWGlZY29BR3YyVjNlUTJ0cmZ6T2JONjc0dlZjbXRsdWxHM1dycDBB?oc=5,gukjenews.com,gaming,gaming_competitor,traffic_impact,,,,
2025-11-27,USA,NORTH AMERICA,US-HOLIDAY-THANKSGIVING-PARADE - gukjenews.com,"<a href=""https://news.google.com/rss/articles/CBMibkFVX3lxTFBPN2RmYW1YaWxvVV94QzB0Smdqb1lac21mcTVHQ0UtOEZ0eWlhTXJGa0VrS3d5X1NPamRvZ2Y1V0h5NGY2SzFENjJQLUNRVmxoZXIyRF9EaHM0QmJyM1JKM1lJV2dkbEIyTWpKZTRR?oc=5"" target=""_blank"">US-HOLIDAY-THANKSGIVING-PARADE</a>&nbsp;&nbsp;<font color=""#6f6f6f"">gukjenews.com</font>",https://news.google.com/rss/articles/CBMibkFVX3lxTFBPN2RmYW1YaWxvVV94QzB0Smdqb1lac21mcTVHQ0UtOEZ0eWlhTXJGa0VrS3d5X1NPamRvZ2Y1V0h5NGY2SzFENjJQLUNRVmxoZXIyRF9EaHM0QmJyM1JKM1lJV2dkbEIyTWpKZTRR?oc=5,gukjenews.com,gaming,gaming_competitor,traffic_impact,,,,
2025-11-27,,,Krafton Terminates AOD Service··· Was Nexon Lawsuit a Factor? - IT조선,"<a href=""https://news.google.com/rss/articles/CBMicEFVX3lxTFBMbE9Tc2dDS0dMSEJwMnZHTmc3LURvaVE5NjV3QTROTDZYdmw5aVRaam9NaWZUQTBIMFZuQmRaUUFkYnZRRTBfOGpudjlaY28wMzRxQ3YwNFhrZlQyM2JVT0lnUEhpUk5CSkd2NmI2UknSAXRBVV95cUxNb3dyOGlRaDh0V1NZY1B3cjFFbEJEYVVMaWJ4ekhMWFI2THRzLVhrV1hNVHdqR3R6cVZrRzlvTTJBN0xPamt3OHlSX3czd3ZhbFhNRXgyeFQ4QlN3LWt6SF9GM3pCRnJJTi05TkNua1FpOWpjRw?oc=5"" target=""_blank"">Krafton Terminates AOD Service··· Was Nexon Lawsuit a Factor?</a>&nbsp;&nbsp;<font color=""#6f6f6f"">IT조선</font>",https://news.google.com/rss/articles/CBMicEFVX3lxTFBMbE9Tc2dDS0dMSEJwMnZHTmc3LURvaVE5NjV3QTROTDZYdmw5aVRaam9NaWZUQTBIMFZuQmRaUUFkYnZRRTBfOGpudjlaY28wMzRxQ3YwNFhrZlQyM2JVT0lnUEhpUk5CSkd2NmI2UknSAXRBVV95cUxNb3dyOGlRaDh0V1NZY1B3cjFFbEJEYVVMaWJ4ekhMWFI2THRzLVhrV1hNVHdqR3R6cVZrRzlvTTJBN0xPamt3OHlSX3czd3ZhbFhNRXgyeFQ4QlN3LWt6SF9GM3pCRnJJTi05TkNua1FpOWpjRw?oc=5,IT조선,gaming,gaming_competitor,gaming,,,,
2025-11-27,,,2026년 일본의 공휴일 - Visit Tokyo,"<a href=""https://news.google.com/rss/articles/CBMic0FVX3lxTE5NZlJIelItRm5QNHE2MFV3azFGWkpOQkxBaXEwZ1B6SDlCMGVKNnM3WWViampTZTg2SW9SWWpRa3R2R19CR1NETXFtVDkwOXhiVUlUcjZqcy1FR1d5NVBSdlBka3dJUlFrd3dVZWtUTFdPYTA?oc=5"" target=""_blank"">2026년 일본의 공휴일</a>&nbsp;&nbsp;<font color=""#6f6f6f"">Visit Tokyo</font>",https://news.google.com/rss/articles/CBMic0FVX3lxTE5NZlJIelItRm5QNHE2MFV3azFGWkpOQkxBaXEwZ1B6SDlCMGVKNnM3WWViampTZTg2SW9SWWpRa3R2R19CR1NETXFtVDkwOXhiVUlUcjZqcy1FR1d5NVBSdlBka3dJUlFrd3dVZWtUTFdPYTA?oc=5,Visit Tokyo,gaming,gaming_competitor,traffic_impact,,,,
2025-11-27,,,2026년 일본의 공휴일 - Visit Tokyo,"<a href=""https://news.google.com/rss/articles/CBMic0FVX3lxTE5NZlJIelItRm5QNHE2MFV3azFGWkpOQkxBaXEwZ1B6SDlCMGVKNnM3WWViampTZTg2SW9SWWpRa3R2R19CR1NETXFtVDkwOXhiVUlUcjZqcy1FR1d5NVBSdlBka3dJUlFrd3dVZWtUTFdPYTA?oc=5"" target=""_blank"">2026년 일본의 공휴일</a>&nbsp;&nbsp;<font color=""#6f6f6f"">Visit Tokyo</font>",https://news.google.com/rss/articles/CBMic0FVX3lxTE5NZlJIelItRm5QNHE2MFV3azFGWkpOQkxBaXEwZ1B6SDlCMGVKNnM3WWViampTZTg2SW9SWWpRa3R2R19CR1NETXFtVDkwOXhiVUlUcjZqcy1FR1d5NVBSdlBka3dJUlFrd3dVZWtUTFdPYTA?oc=5,Visit Tokyo,gaming,gaming_competitor,traffic_impact,,,,
2025-11-27,,,HP Stock Falls On Layoffs and Weak Guidance Amid Trade War Uncertainties - TIKR.com,"<a href=""https://news.google.com/rss/articles/CBMiowFBVV95cUxOcTFZNjk1WVFxVFpESkY0MFVCWVVZd3MtV2YxMFNVYm9LSHhzbDdaT1VZYmUyMWdoajBpYVd4U0g2R1BmRnBxbHpPT1JsZDRaLUp1dVE1dVFveGYwVnI5UldHRGxKbkpzaUlBYjhVRm9lUnJBRkJXcXJ0cXFNcnZqMFBQVGdqZzJ5cXpFSzhheGc2eHhEMDh3SEZPTGhKNGVRa25V?oc=5"" target=""_blank"">HP Stock Falls On Layoffs and Weak Guidance Amid Trade War Uncertainties</a>&nbsp;&nbsp;<font color=""#6f6f6f"">TIKR.com</font>",https://news.google.com/rss/articles/CBMiowFBVV95cUxOcTFZNjk1WVFxVFpESkY0MFVCWVVZd3MtV2YxMFNVYm9LSHhzbDdaT1VZYmUyMWdoajBpYVd4U0g2R1BmRnBxbHpPT1JsZDRaLUp1dVE1dVFveGYwVnI5UldHRGxKbkpzaUlBYjhVRm9lUnJBRkJXcXJ0cXFNcnZqMFBQVGdqZzJ5cXpFSzhheGc2eHhEMDh3SEZPTGhKNGVRa25V?oc=5,TIKR.com,gaming,gaming_competitor,traffic_impact,,,,
2025-11-27,Indonesia,OTHER,인도네시아 수마트라에 규모 6.6 지진···주민들 대피 - gukjenews.com,"<a href=""https://news.google.com/rss/articles/CBMibkFVX3lxTFBoaG91WkZFZ2JsWlRZZnFOMHh4YTN3NGczM05aLVM1el9MdjYwY0dIa0dPelo3WndSTGlUcUZ1b2RmSHVIZXpab0FpUEQ1MGZpZDlLdDlxeWZjemJQYUdlb0VON1BQVmtjRDAwT19n?oc=5"" target=""_blank"">인도네시아 수마트라에 규모 6.6 지진···주민들 대피</a>&nbsp;&nbsp;<font color=""#6f6f6f"">gukjenews.com</font>",https://news.google.com/rss/articles/CBMibkFVX3lxTFBoaG91WkZFZ2JsWlRZZnFOMHh4YTN3NGczM05aLVM1el9MdjYwY0dIa0dPelo3WndSTGlUcUZ1b2RmSHVIZXpab0FpUEQ1MGZpZDlLdDlxeWZjemJQYUdlb0VON1BQVmtjRDAwT19n?oc=5,gukjenews.com,gaming,gaming_competitor,traffic_impact,,,,
2025-11-27,,,"크래프톤, 'PUBG UNITED' 스타트11…배그·배그 모바일 하나로 - 딜사이트","<a href=""https://news.google.com/rss/articles/CBMiWEFVX3lxTE54dm1NNHVaSmp1bDR5QmMyRUhoV1hpbkJzM2VrSl9VNXFadThUdTFUdHgzN1FJcG9ldUgzSEVnbU0zNGJvQXE3ejY3bUJEVXRZSF9Sb1oxcEM?oc=5"" target=""_blank"">크래프톤, 'PUBG UNITED' 스타트11…배그·배그 모바일 하나로</a>&nbsp;&nbsp;<font color=""#6f6f6f"">딜사이트</font>",https://news.google.com/rss/articles/CBMiWEFVX3lxTE54dm1NNHVaSmp1bDR5QmMyRUhoV1hpbkJzM2VrSl9VNXFadThUdTFUdHgzN1FJcG9ldUgzSEVnbU0zNGJvQXE3ejY3bUJEVXRZSF9Sb1oxcEM?oc=5,딜사이트,gaming,,gaming,,,,
2025-11-27,,,"배그와 배그 모바일이 만났다…펍지 유나이티드, 태국 방콕서 개최 - SBS Biz","<a href=""https://news.google.com/rss/articles/CBMiU0FVX3lxTE9scWoxNE8yLTl4a3h5c08tRUVzQUVqT3VzTmZDV2tjRDZ6XzhoSzZpZVFNU3N3LTNTdWhHWGhva2YzclI4UTJhVXdpbjhROGNEbC1j0gFYQVVfeXFMTnBSOVBMcGJJNTlLR2ZGdUN6WDBGVEZ0LXo4R25ELW5jczdvWEppdGlKakVFY285NHF1YThPWV9uN01lZGxnajExVDNiS3hnaFZicUlnd1ZqTg?oc=5"" target=""_blank"">배그와 배그 모바일이 만났다…펍지 유나이티드, 태국 방콕서 개최</a>&nbsp;&nbsp;<font color=""#6f6f6f"">SBS Biz</font>",https://news.google.com/rss/articles/CBMiU0FVX3lxTE9scWoxNE8yLTl4a3h5c08tRUVzQUVqT3VzTmZDV2tjRDZ6XzhoSzZpZVFNU3N3LTNTdWhHWGhva2YzclI4UTJhVXdpbjhROGNEbC1j0gFYQVVfeXFMTnBSOVBMcGJJNTlLR2ZGdUN6WDBGVEZ0LXo4R25ELW5jczdvWEppdGlKakVFY285NHF1YThPWV9uN01lZGxnajExVDNiS3hnaFZicUlnd1ZqTg?oc=5,SBS Biz,gaming,gaming_competitor,gaming,,,,
2025-11-27,,,US-HOLIDAY-THANKSGIVING-PARADE - gukjenews.com,"<a href=""https://news.google.com/rss/articles/CBMibkFVX3lxTFBPN2RmYW1YaWxvVV94QzB0Smdqb1lac21mcTVHQ0UtOEZ0eWlhTXJGa0VrS3d5X1NPamRvZ2Y1V0h5NGY2SzFENjJQLUNRVmxoZXIyRF9EaHM0QmJyM1JKM1lJV2dkbEIyTWpKZTRR?oc=5"" target=""_blank"">US-HOLIDAY-THANKSGIVING-PARADE</a>&nbsp;&nbsp;<font color=""#6f6f6f"">gukjenews.com</font>",https://news.google.com/rss/articles/CBMibkFVX3lxTFBPN2RmYW1YaWxvVV94QzB0Smdqb1lac21mcTVHQ0UtOEZ0eWlhTXJGa0VrS3d5X1NPamRvZ2Y1V0h5NGY2SzFENjJQLUNRVmxoZXIyRF9EaHM0QmJyM1JKM1lJV2dkbEIyTWpKZTRR?oc=5,gukjenews.com,gaming,gaming_competitor,traffic_impact,,,,
2025-11-26,,,BATTLEGROUNDS 주간 제재 현황 안내 (11/17~11/23) - 뉴스 - PUBG: 배틀그라운드 - PUBG: BATTLEGROUNDS,"<a href=""https://news.google.com/rss/articles/CBMiQ0FVX3lxTFBZZm9TZm9FLUtZa09GaXdNemlGbHRvMTFHdnlSalN1cXdrUzM0cDQ3ZG51TlJpeVRmWjhtYURTYU51UEk?oc=5"" target=""_blank"">BATTLEGROUNDS 주간 제재 현황 안내 (11/17~11/23) - 뉴스 - PUBG: 배틀그라운드</a>&nbsp;&nbsp;<font color=""#6f6f6f"">PUBG: BATTLEGROUNDS</font>",https://news.google.com/rss/articles/CBMiQ0FVX3lxTFBZZm9TZm9FLUtZa09GaXdNemlGbHRvMTFHdnlSalN1cXdrUzM0cDQ3ZG51TlJpeVRmWjhtYURTYU51UEk?oc=5,PUBG: BATTLEGROUNDS,gaming,gaming_competitor,gaming,,,,
2025-11-26,Indonesia,OTHER,"인도네시아, 국토 72.7% 우기 진입 … 12월까지 홍수·산사태 주의보 - 한인포스트","<a href=""https://news.google.com/rss/articles/CBMiTkFVX3lxTE53SzdyczdUSlJyUHgtd3VnWnBHOUJPbXQwY1c2dVRDeVBQTG1ZckN2Qk8tZXdlSmRQNzFTRWZ1eC1FUmNHNmJLSHBLQ2dTdw?oc=5"" target=""_blank"">인도네시아, 국토 72.7% 우기 진입 … 12월까지 홍수·산사태 주의보</a>&nbsp;&nbsp;<font color=""#6f6f6f"">한인포스트</font>",https://news.google.com/rss/articles/CBMiTkFVX3lxTE53SzdyczdUSlJyUHgtd3VnWnBHOUJPbXQwY1c2dVRDeVBQTG1ZckN2Qk8tZXdlSmRQNzFTRWZ1eC1FUmNHNmJLSHBLQ2dTdw?oc=5,한인포스트,gaming,gaming_competitor,traffic_impact,,,,
2025-11-26,,,"UPS delivers holiday shipping with flexibility, visibility and ease - UPS","<a href=""https://news.google.com/rss/articles/CBMivAFBVV95cUxOX3pQU1QwcFVSVFZxZ1FJb1g5TGRuS05WbEpfX1ZtRGpuRkVzQkxJQV81V3o3TGxwRzRJYTNxS0NKcFpLMlk4OUpCV3VmUGZIV0dQb2lSSjExMjN3eFN1dFhCbHZjMnZtRTV5QkREWFN0Z1p1bXlZZ2M0VWtXaGFaMnIzR0QzTTZ3U0Y1LW5ESHJCb0VUMmFrckZkV2NucVMySVhpamUtUjF1YjAxbzFpbUllVG1PZU9BelBUaQ?oc=5"" target=""_blank"">UPS delivers holiday shipping with flexibility, visibility and ease</a>&nbsp;&nbsp;<font color=""#6f6f6f"">UPS</font>",https://news.google.com/rss/articles/CBMivAFBVV95cUxOX3pQU1QwcFVSVFZxZ1FJb1g5TGRuS05WbEpfX1ZtRGpuRkVzQkxJQV81V3o3TGxwRzRJYTNxS0NKcFpLMlk4OUpCV3VmUGZIV0dQb2lSSjExMjN3eFN1dFhCbHZjMnZtRTV5QkREWFN0Z1p1bXlZZ2M0VWtXaGFaMnIzR0QzTTZ3U0Y1LW5ESHJCb0VUMmFrckZkV2NucVMySVhpamUtUjF1YjAxbzFpbUllVG1PZU9BelBUaQ?oc=5,UPS,gaming,gaming_competitor,traffic_impact,,,,
2025-11-25,,,"‘말의 전쟁 군마·WAR HORSE’, 6년 만에 귀환… 증보판 출간 - v.daum.net","<a href=""https://news.google.com/rss/articles/CBMiVEFVX3lxTFByT1pjYUJ3Z1MzeFF5ZHdLSUVHaFpuTVlBNkhFOGRETzdMWEFvaE9QV1RxUzhMeklRTGVmNGxuR295SFNWYUdXNWNqSjB4REZXRXhfRA?oc=5"" target=""_blank"">‘말의 전쟁 군마·WAR HORSE’, 6년 만에 귀환… 증보판 출간</a>&nbsp;&nbsp;<font color=""#6f6f6f"">v.daum.net</font>",https://news.google.com/rss/articles/CBMiVEFVX3lxTFByT1pjYUJ3Z1MzeFF5ZHdLSUVHaFpuTVlBNkhFOGRETzdMWEFvaE9QV1RxUzhMeklRTGVmNGxuR295SFNWYUdXNWNqSjB4REZXRXhfRA?oc=5,v.daum.net,gaming,gaming_competitor,traffic_impact,,,,
2025-11-25,,,"전장의 법칙(The Laws of War) Ep.8 흉노 제국의 전설적인 수장, 묵돌 선우 - 기호일보","<a href=""https://news.google.com/rss/articles/CBMib0FVX3lxTFB5U2pxdXZMMHEyTHAxcEpPQjlWTnkybzFmOXVoOTRZOHZzdGczV3FoMW9Ea25pRzJFUVE3TnU2REZjbmdab1NDWEROMC1zLUFaN0hPMTl4UERBb2MyN0taOU8xMFcxOU0xTzZxQ2F2dw?oc=5"" target=""_blank"">전장의 법칙(The Laws of War) Ep.8 흉노 제국의 전설적인 수장, 묵돌 선우</a>&nbsp;&nbsp;<font color=""#6f6f6f"">기호일보</font>",https://news.google.com/rss/articles/CBMib0FVX3lxTFB5U2pxdXZMMHEyTHAxcEpPQjlWTnkybzFmOXVoOTRZOHZzdGczV3FoMW9Ea25pRzJFUVE3TnU2REZjbmdab1NDWEROMC1zLUFaN0hPMTl4UERBb2MyN0taOU8xMFcxOU0xTzZxQ2F2dw?oc=5,기호일보,gaming,gaming_competitor,traffic_impact,,,,
2025-11-25,,,"馬(말)의 전쟁, 군마·WAR HORSE 발간 [Book] - v.daum.net","<a href=""https://news.google.com/rss/articles/CBMiVEFVX3lxTE9jUHBBdWF0RlA0QVF5cjhlaEdjc09fVnc3dzFjaHZMRHpUT28zVjlNS1pEOGQtSzYzMHYzUnoyZGxfRnFfbU5NTzhaeFRfMlpMR25HTg?oc=5"" target=""_blank"">馬(말)의 전쟁, 군마·WAR HORSE 발간 [Book]</a>&nbsp;&nbsp;<font color=""#6f6f6f"">v.daum.net</font>",https://news.google.com/rss/articles/CBMiVEFVX3lxTE9jUHBBdWF0RlA0QVF5cjhlaEdjc09fVnc3dzFjaHZMRHpUT28zVjlNS1pEOGQtSzYzMHYzUnoyZGxfRnFfbU5NTzhaeFRfMlpMR25HTg?oc=5,v.daum.net,gaming,gaming_competitor,traffic_impact,,,,
2025-11-25,Pakistan,OTHER,[쇼츠] 파키스탄서 또 폭탄테러…폭발 순간 CCTV 포착 - 연합뉴스,"<a href=""https://news.google.com/rss/articles/CBMiW0FVX3lxTFA0cjVwbnc2QlJhQm9uVVhXUDdWdG8zRmRSRER1TzFHXzc2RFZPRl9SOFRvUG1LendydjVrVlJ1MlQ3RzRMeVdVMjJKc1hoclI1cmZJSUF1WlZ5ZVHSAWBBVV95cUxNS09pY1c1eE9EaU5sZkNsZjlxU3l4X2NicVJLTGJQQmVldExYSWpmeEVES2ZvbTJUanRDWG5UZXB4S2lZN3JsNlJrM19YVzMycks5a2Q1VWhqdGVaTVZrYk8?oc=5"" target=""_blank"">[쇼츠] 파키스탄서 또 폭탄테러…폭발 순간 CCTV 포착</a>&nbsp;&nbsp;<font color=""#6f6f6f"">연합뉴스</font>",https://news.google.com/rss/articles/CBMiW0FVX3lxTFA0cjVwbnc2QlJhQm9uVVhXUDdWdG8zRmRSRER1TzFHXzc2RFZPRl9SOFRvUG1LendydjVrVlJ1MlQ3RzRMeVdVMjJKc1hoclI1cmZJSUF1WlZ5ZVHSAWBBVV95cUxNS09pY1c1eE9EaU5sZkNsZjlxU3l4X2NicVJLTGJQQmVldExYSWpmeEVES2ZvbTJUanRDWG5UZXB4S2lZN3JsNlJrM19YVzMycks5a2Q1VWhqdGVaTVZrYk8?oc=5,연합뉴스,gaming,gaming_competitor,traffic_impact,,,,
2025-11-25,,,KRAFTON Aims to Capture the Original Charm with 'Palworld Mobile' - 게임뷰,"<a href=""https://news.google.com/rss/articles/CBMiakFVX3lxTE1tdkJnejVPNEV3VTQ5YjlRd2h6dE5IOTZndGdIcGhtRWg3S2xyVmM0NVEwTFBabThETDRYUFdyeUlES3UyekdvM0JCaTVKZVdieFJGR1BHei1nWGYyNVZLZWppRWR2RnEwSVE?oc=5"" target=""_blank"">KRAFTON Aims to Capture the Original Charm with 'Palworld Mobile'</a>&nbsp;&nbsp;<font color=""#6f6f6f"">게임뷰</font>",https://news.google.com/rss/articles/CBMiakFVX3lxTE1tdkJnejVPNEV3VTQ5YjlRd2h6dE5IOTZndGdIcGhtRWg3S2xyVmM0NVEwTFBabThETDRYUFdyeUlES3UyekdvM0JCaTVKZVdieFJGR1BHei1nWGYyNVZLZWppRWR2RnEwSVE?oc=5,게임뷰,gaming,gaming_competitor,gaming,,,,
2025-11-25,,,"Rainbow 18 Go Woo-ri &Jo Hyun-young Unite for Holiday Single 'good in smile,' Featuring Jewelry Yewon - SBS 뉴스","<a href=""https://news.google.com/rss/articles/CBMiaEFVX3lxTE15aXc0VDRjRFlJZkVHY0NmQ1dMLUhlZUpXU2tvaGFTRkJGUjZ1czZ1UVBzdTZvUE5VRjVsMV9sZFVnV2ltaDduTTI5OFBCZ1dNY2tNbG5oSk5XS01wajZmbnY3OGZFZUst?oc=5"" target=""_blank"">Rainbow 18 Go Woo-ri &amp;Jo Hyun-young Unite for Holiday Single 'good in smile,' Featuring Jewelry Yewon</a>&nbsp;&nbsp;<font color=""#6f6f6f"">SBS 뉴스</font>",https://news.google.com/rss/articles/CBMiaEFVX3lxTE15aXc0VDRjRFlJZkVHY0NmQ1dMLUhlZUpXU2tvaGFTRkJGUjZ1czZ1UVBzdTZvUE5VRjVsMV9sZFVnV2ltaDduTTI5OFBCZ1dNY2tNbG5oSk5XS01wajZmbnY3OGZFZUst?oc=5,SBS 뉴스,gaming,gaming_competitor,traffic_impact,,,,
2025-11-25,,,"크래프톤 정글, 내달 6일 ‘2026 정글 통합 설명회’ 개최 - 크래프톤","<a href=""https://news.google.com/rss/articles/CBMitgJBVV95cUxNS1ZnUjNRMTVNcjFrZFFjMVJwLVNNTEtNU1NjRjhLX0I3MFZIc05La0l1NW53YjZVODNUVEFMT2pfSDREMmJ4eXJVekFBUjRPSVVtbUlDcnVQWEpYMXNvUElpUmgybC1ncHhleGRrOGg3WUQ4QXpKbUhmaVIzRHotVVMxUFk0OFVBeFBTbnl2N2dBbENwUW9fUE83b1FBYjV4WVlKZHZzSkhMVUJ3dEJKYnk5NGQzc1k0WGFmRm1IeDVMbExVQWppRnp4b2NQT0tHS3c4djlxYmw0c0szXzAwNkN0M0FlLVE4R3VFOUpLOWF5TjB2empVX1FER294TnJwdWFUSDZkZXZTTzBPSzNVWDlDT2cxczVpZzFYU2FFQmdtR3pvN3NWRWMwbVROYVJ6a3QtWVJn?oc=5"" target=""_blank"">크래프톤 정글, 내달",https://news.google.com/rss/articles/CBMitgJBVV95cUxNS1ZnUjNRMTVNcjFrZFFjMVJwLVNNTEtNU1NjRjhLX0I3MFZIc05La0l1NW53YjZVODNUVEFMT2pfSDREMmJ4eXJVekFBUjRPSVVtbUlDcnVQWEpYMXNvUElpUmgybC1ncHhleGRrOGg3WUQ4QXpKbUhmaVIzRHotVVMxUFk0OFVBeFBTbnl2N2dBbENwUW9fUE83b1FBYjV4WVlKZHZzSkhMVUJ3dEJKYnk5NGQzc1k0WGFmRm1IeDVMbExVQWppRnp4b2NQT0tHS3c4djlxYmw0c0szXzAwNkN0M0FlLVE4R3VFOUpLOWF5TjB2empVX1FER294TnJwdWFUSDZkZXZTTzBPSzNVWDlDT2cxczVpZzFYU2FFQmdtR3pvN3NWRWMwbVROYVJ6a3QtWVJn?oc=5,크래프톤,gaming,gaming_competitor,gaming,,,,
2025-11-25,,,"[Book] 말의 전쟁, 군마·WAR HORSE 발간 - 스타뉴스","<a href=""https://news.google.com/rss/articles/CBMif0FVX3lxTE4xQjZpY29taTk5cG14ZEZwNTJnR1Nud3BNMUJHTVlla2Nod3lNam5uVkNBc01TRS12WjY1RGE1ZmZGakRac1otUkFGMTQ4S01BY1Vlc0NqXzdzX1JYQndqci1adDVVS3NvMmhRTlI3UDQ4TFVZa05Yd0lBOFAyTDA?oc=5"" target=""_blank"">[Book] 말의 전쟁, 군마·WAR HORSE 발간</a>&nbsp;&nbsp;<font color=""#6f6f6f"">스타뉴스</font>",https://news.google.com/rss/articles/CBMif0FVX3lxTE4xQjZpY29taTk5cG14ZEZwNTJnR1Nud3BNMUJHTVlla2Nod3lNam5uVkNBc01TRS12WjY1RGE1ZmZGakRac1otUkFGMTQ4S01BY1Vlc0NqXzdzX1JYQndqci1adDVVS3NvMmhRTlI3UDQ4TFVZa05Yd0lBOFAyTDA?oc=5,스타뉴스,gaming,gaming_competitor,traffic_impact,,,,
2025-11-24,,,Bangladesh: Hundreds of garment workers injured escaping factories during earthquake; workers report locked exits & forced return to work - Business & Human Rights Resource Centre,"<a href=""https://news.google.com/rss/articles/CBMi_wFBVV95cUxOdldscmdyNHk4LVZSSDd2NV9MMUVKeG9XSEVBRzltTlJxYlhhWGFrNTNuZTI1OHgwV0FJOHVXVG1rNEFDM0JNQklwamlFUy1LRjVzT3RqdFhBRXhaMV90ZkVia25CTERUazZLMzVfNGV4bmdaQ21KbE9NU2prQXNEWElPcXRvOVNPblVVUXNrbGVaZXVFbFNjdFFKd3k4Ymk4M2Rsamt1U0wxTVVVVF9LVURfOXJZbVR6bzJhVzl4SEQ3Z0pvX1Jhd0UyajQtOHJ1dkYwdERDLWsyaHgtRVpMTHNaS0J6aWNjcGM3Q2JORS1ZWFBvZzY0akdOSnpYZzA?oc=5"" target=""_blank"">Bangladesh: Hundreds of garment workers injured escaping factories during earthquake",https://news.google.com/rss/articles/CBMi_wFBVV95cUxOdldscmdyNHk4LVZSSDd2NV9MMUVKeG9XSEVBRzltTlJxYlhhWGFrNTNuZTI1OHgwV0FJOHVXVG1rNEFDM0JNQklwamlFUy1LRjVzT3RqdFhBRXhaMV90ZkVia25CTERUazZLMzVfNGV4bmdaQ21KbE9NU2prQXNEWElPcXRvOVNPblVVUXNrbGVaZXVFbFNjdFFKd3k4Ymk4M2Rsamt1U0wxTVVVVF9LVURfOXJZbVR6bzJhVzl4SEQ3Z0pvX1Jhd0UyajQtOHJ1dkYwdERDLWsyaHgtRVpMTHNaS0J6aWNjcGM3Q2JORS1ZWFBvZzY0akdOSnpYZzA?oc=5,Business & Human Rights Resource Centre,gaming,gaming_competitor,traffic_impact,,,,
2025-11-23,,,당첨자 발표: PUBG x 포르쉐 웹 이벤트 - 이벤트 - PUBG: 배틀그라운드 - PUBG: BATTLEGROUNDS,"<a href=""https://news.google.com/rss/articles/CBMiT0FVX3lxTE84cmd2TzBBT1pXU3I1MVVEdkVka1djRjdRdlRrRUpVN2FObzZadng2WE43QlU0QTAzTjhsR05VdExGWXVkbFMzY3pSR2RFTDg?oc=5"" target=""_blank"">당첨자 발표: PUBG x 포르쉐 웹 이벤트 - 이벤트 - PUBG: 배틀그라운드</a>&nbsp;&nbsp;<font color=""#6f6f6f"">PUBG: BATTLEGROUNDS</font>",https://news.google.com/rss/articles/CBMiT0FVX3lxTE84cmd2TzBBT1pXU3I1MVVEdkVka1djRjdRdlRrRUpVN2FObzZadng2WE43QlU0QTAzTjhsR05VdExGWXVkbFMzY3pSR2RFTDg?oc=5,PUBG: BATTLEGROUNDS,gaming,,gaming,,,,
2025-11-21,,,"방글라데시 지진…어린이 2명 등 최소 9명 사망, 수백명 중경상 - kor.theasian.asia","<a href=""https://news.google.com/rss/articles/CBMiU0FVX3lxTFBtbE1IQnhGbjVDOW5hVXR2b0Z5WkZlMXNWNnhZT1R0NlNiS0JPZnJkRnpEVEFheG1CVjhZTEJyZmRXYUtFWks4aHU1b2ltZzhlcE40?oc=5"" target=""_blank"">방글라데시 지진…어린이 2명 등 최소 9명 사망, 수백명 중경상</a>&nbsp;&nbsp;<font color=""#6f6f6f"">kor.theasian.asia</font>",https://news.google.com/rss/articles/CBMiU0FVX3lxTFBtbE1IQnhGbjVDOW5hVXR2b0Z5WkZlMXNWNnhZT1R0NlNiS0JPZnJkRnpEVEFheG1CVjhZTEJyZmRXYUtFWks4aHU1b2ltZzhlcE40?oc=5,kor.theasian.asia,gaming,gaming_competitor,traffic_impact,,,,
2023-10-25,Brazil,SOUTH AMERICA,PUBG Mobile Brasil: Como a nova atualização está impactando a cena competitiva,A nova atualização de PUBG Mobile trouxe mudanças significativas que estão afetando a competitividade no Brasil. Jogadores e equipes estão se adaptando às novas mecânicas e mapas.,https://www.exemplo.com/noticia1,Exemplo News,gaming,gaming_competitor,gaming,,,medium,OpenAI only
2023-10-25,South Korea,ASIA,Krafton Launches PUBG Mobile Season Update with New Features,"Krafton has rolled out a significant update for PUBG Mobile, introducing new gameplay features and limited-time events. This update aims to enhance user engagement and attract new players to the game.",https://example.com/pubg-mobile-season-update,Gaming News Daily,gaming,gaming_competitor,gaming,,,medium,OpenAI only
2023-10-23,Brazil,SOUTH AMERICA,PUBG Mobile Brasil lança nova campanha promocional com influenciadores,"Uma nova campanha de marketing envolvendo influenciadores populares no Brasil foi lançada para promover PUBG Mobile, visando aumentar o engajamento dos jogadores.",https://www.exemplo.com/noticia3,Tech News Brasil,gaming,gaming_competitor,gaming,,,medium,OpenAI only
2023-10-23,,,Krafton's PUBG Mobile Receives Positive Feedback on Recent Update,"The latest update to PUBG Mobile has been well-received by players, with many praising the new mechanics and quality-of-life improvements. The positive reception could lead to a surge in active users.",https://example.com/pubg-mobile-update-feedback,GameSpot,gaming,gaming_competitor,gaming,,,medium,OpenAI only
2023-10-22,,,Krafton Partners with Influencers for PUBG Mobile Marketing,Krafton has begun collaborating with popular gaming influencers to promote PUBG Mobile's latest updates and events. This strategy aims to reach a broader audience and enhance the game's visibility.,https://example.com/pubg-mobile-influencer-campaign,Influencer Marketing Hub,gaming,gaming_competitor,gaming,,,medium,OpenAI only
2023-10-21,,,PUBG Mobile Celebrates Milestone with In-Game Events by Krafton,"To celebrate a major milestone, Krafton announced a series of in-game events for PUBG Mobile, enticing players with rewards and challenges. This initiative is expected to increase user engagement.",https://example.com/pubg-mobile-milestone-events,PC Gamer,gaming,gaming_competitor,gaming,,,medium,OpenAI only
2023-10-16,,,"PUBG Mobile, 새로운 캐릭터 출시로 사용자 반응 활발","PUBG Mobile에서 새로운 캐릭터가 출시되었으며, 사용자들이 이를 체험해보려는 반응이 활발하다.",https://www.example.com/pubg-new-character-release,게임 트렌드,gaming,gaming_competitor,gaming,,,medium,OpenAI only
